Axial_load,Confining_Pressure,Displesment,Pore_Pressure
1.180,82.830,0.163,8.880
1.250,83.590,0.006,8.940
1.510,82.010,0.021,8.720
1.720,82.490,0.040,8.940
2.000,83.110,0.063,8.990
2.300,82.780,0.085,8.780
2.620,82.680,0.105,9.250
2.780,82.880,0.123,9.040
3.010,83.640,0.144,8.990
3.170,83.210,0.164,9.040
3.230,82.300,0.186,8.780
3.380,83.210,0.205,9.040
3.480,82.680,0.229,8.830
3.540,82.200,0.250,8.990
3.670,82.730,0.273,9.040
3.800,82.590,0.292,8.990
3.870,82.590,0.315,9.090
3.890,82.880,0.338,9.090
4.010,83.550,0.358,9.150
4.050,83.160,0.382,9.150
4.090,82.400,0.403,8.780
3.990,81.820,0.428,8.880
3.990,82.250,0.452,9.040
4.210,81.870,0.475,8.830
4.220,82.300,0.498,9.040
4.350,82.250,0.523,9.200
4.380,82.780,0.547,9.200
4.390,83.400,0.569,9.200
4.540,81.820,0.594,8.990
4.540,82.590,0.616,9.250
4.660,83.110,0.642,9.250
4.650,81.920,0.665,8.830
4.710,82.830,0.690,9.250
4.770,82.490,0.715,9.150
4.840,82.400,0.740,9.250
4.970,81.770,0.764,8.940
5.010,82.350,0.788,9.150
5.140,83.070,0.811,9.360
5.190,82.880,0.835,9.090
5.200,82.300,0.860,9.250
5.250,82.440,0.883,9.310
5.360,82.300,0.908,9.250
5.420,82.680,0.931,9.310
5.430,81.920,0.957,9.250
5.470,82.640,0.984,9.310
5.550,82.590,1.009,9.360
5.660,83.160,1.026,9.410
5.730,81.630,1.051,8.830
5.770,82.680,1.078,9.310
5.730,82.440,1.103,9.310
5.850,82.350,1.129,9.250
5.840,82.350,1.154,9.310
5.890,82.540,1.181,9.410
5.950,82.830,1.206,9.520
5.930,82.060,1.233,9.200
5.860,82.300,1.257,9.470
5.990,82.350,1.283,9.470
6.090,82.490,1.308,9.410
6.060,82.110,1.334,9.470
6.170,82.300,1.359,9.470
6.150,82.780,1.385,9.470
6.320,82.160,1.411,9.410
6.290,82.680,1.436,9.470
6.380,82.400,1.462,9.470
6.480,82.780,1.490,9.520
6.490,83.210,1.513,9.570
6.550,82.250,1.541,8.990
6.550,82.250,1.566,9.410
6.480,82.250,1.593,9.520
6.490,82.350,1.617,9.520
6.450,82.880,1.643,9.570
6.650,83.400,1.669,9.570
6.770,83.590,1.696,9.570
6.660,82.010,1.723,9.470
6.680,82.640,1.747,9.570
6.750,83.110,1.773,9.630
6.910,83.640,1.801,9.680
6.870,82.880,1.828,9.890
6.970,83.450,1.851,9.630
7.010,82.680,1.879,9.570
6.940,82.110,1.905,9.680
7.040,82.730,1.932,9.680
7.070,83.110,1.957,9.630
7.160,83.690,1.983,9.730
7.040,82.400,2.010,9.630
7.230,83.500,2.036,9.680
7.230,82.780,2.065,9.730
7.250,83.350,2.088,9.680
7.380,82.780,2.116,9.680
7.280,82.640,2.142,9.730
7.400,82.160,2.169,9.730
7.470,82.780,2.195,9.730
7.490,83.260,2.222,9.730
7.600,82.490,2.247,9.310
7.650,82.400,2.274,9.730
7.710,82.160,2.298,9.680
7.720,82.730,2.324,9.730
7.820,82.490,2.351,9.790
7.770,82.680,2.379,9.790
7.740,82.440,2.405,9.730
7.850,82.970,2.433,9.840
7.860,83.450,2.457,9.840
7.780,82.680,2.482,9.790
7.860,82.780,2.505,9.840
7.890,83.310,2.533,9.840
7.970,82.350,2.557,9.410
7.970,81.960,2.584,9.790
8.020,82.300,2.609,9.730
8.100,82.400,2.636,9.890
8.140,82.300,2.663,9.730
8.070,82.440,2.690,9.840
8.180,82.730,2.715,9.840
8.280,81.920,2.741,9.890
8.280,82.490,2.767,9.890
8.310,82.540,2.796,10.160
8.460,82.440,2.819,9.890
8.410,82.200,2.844,9.790
8.500,82.110,2.870,9.840
8.500,82.540,2.897,9.950
8.510,82.350,2.922,9.950
8.640,82.200,2.947,9.840
8.560,82.730,2.972,9.950
8.620,82.160,3.000,9.950
8.660,81.870,3.024,9.890
8.760,82.440,3.052,10.050
8.840,82.780,3.077,10.050
8.820,82.490,3.104,10.000
8.910,82.300,3.127,10.000
9.000,82.440,3.153,10.050
8.990,82.540,3.182,10.050
9.130,82.300,3.205,10.050
9.110,81.920,3.233,9.730
9.160,82.490,3.260,10.050
9.170,82.060,3.284,10.050
9.250,82.440,3.308,10.050
9.340,82.200,3.335,10.160
9.430,82.300,3.361,10.050
9.340,82.350,3.388,10.110
9.460,82.200,3.411,9.790
9.460,82.200,3.438,9.890
9.460,82.490,3.464,10.110
9.580,82.440,3.492,10.160
9.610,82.160,3.517,10.110
9.650,82.680,3.543,10.160
9.630,82.490,3.569,10.160
9.610,82.010,3.596,10.050
9.760,82.400,3.622,10.110
9.780,82.440,3.646,10.160
9.820,81.770,3.674,10.160
9.860,82.970,3.699,10.210
9.950,83.350,3.727,10.160
10.000,82.590,3.753,10.160
9.880,82.540,3.779,10.210
9.950,82.250,3.804,10.210
9.780,82.780,3.846,10.270
9.800,82.490,3.870,10.210
9.910,81.920,3.897,10.210
9.940,82.440,3.922,10.270
10.060,82.920,3.950,10.210
10.110,83.310,3.974,10.320
10.230,82.540,4.001,10.000
10.140,82.110,4.027,10.270
10.230,82.730,4.055,10.320
10.280,83.210,4.082,10.320
10.230,83.590,4.108,10.320
10.080,82.400,4.148,10.270
10.120,81.730,4.172,10.160
10.030,82.300,4.198,10.370
10.050,82.730,4.222,10.320
10.190,83.160,4.249,10.370
10.390,83.550,4.276,10.320
10.270,81.960,4.302,10.160
10.290,82.590,4.329,10.370
10.300,82.970,4.354,10.370
10.400,83.450,4.379,10.420
10.510,82.730,4.406,10.420
10.400,82.060,4.433,10.420
10.410,82.540,4.458,10.420
10.540,82.970,4.485,10.480
10.560,83.350,4.509,10.420
10.610,82.400,4.536,10.320
10.670,81.870,4.561,10.270
10.690,82.250,4.588,10.420
10.730,82.680,4.613,10.480
10.770,83.070,4.638,10.530
10.820,83.500,4.664,10.530
10.930,82.440,4.690,10.480
10.870,82.160,4.713,10.530
10.930,82.640,4.739,10.530
10.920,82.200,4.766,10.480
11.020,82.640,4.791,10.530
11.010,82.400,4.816,10.480
11.030,82.680,4.842,10.480
11.060,82.060,4.867,10.580
11.050,82.490,4.892,10.530
11.230,82.250,4.919,10.580
11.240,82.640,4.943,10.580
11.110,82.300,4.975,10.580
11.050,81.920,4.996,10.320
11.120,82.540,5.023,10.580
11.160,82.160,5.050,10.580
11.190,82.010,5.074,10.420
11.310,82.300,5.102,10.530
11.460,82.590,5.127,10.580
11.420,82.110,5.152,10.530
11.510,82.400,5.174,10.580
11.460,82.680,5.204,10.640
11.420,82.300,5.227,10.690
11.560,82.160,5.256,10.580
11.550,82.400,5.282,10.690
11.650,82.730,5.307,10.690
11.520,82.060,5.332,10.530
11.680,82.350,5.359,10.640
11.640,82.200,5.383,10.580
11.730,82.300,5.410,10.640
11.750,82.440,5.436,10.740
11.750,82.200,5.459,10.530
11.650,81.530,5.485,10.480
11.750,82.400,5.510,10.740
11.760,82.880,5.538,10.690
11.750,83.260,5.561,10.740
11.880,83.590,5.588,10.740
11.860,82.490,5.614,10.740
11.980,82.920,5.640,10.800
12.020,83.350,5.665,10.800
12.080,82.200,5.689,10.420
12.070,82.440,5.718,10.800
12.140,82.400,5.744,10.740
12.200,82.490,5.771,10.850
12.180,82.110,5.797,10.740
12.320,82.590,5.822,10.850
12.260,82.300,5.849,10.800
12.200,82.730,5.874,10.850
12.220,82.490,5.901,10.850
12.290,82.250,5.927,10.850
12.280,82.680,5.953,10.800
12.290,82.490,5.979,10.800
12.340,81.920,6.006,10.850
12.240,82.490,6.030,10.900
12.300,82.970,6.056,10.850
12.410,83.310,6.082,10.900
12.510,82.830,6.107,10.800
12.410,82.350,6.134,10.900
12.440,82.010,6.159,10.800
12.270,82.400,6.186,10.960
12.520,82.300,6.212,10.900
12.450,82.680,6.238,10.900
12.510,82.350,6.262,10.850
12.520,82.060,6.290,10.640
12.510,82.490,6.316,10.850
12.640,82.920,6.342,10.960
12.720,83.260,6.368,10.960
12.730,83.590,6.394,10.960
12.680,82.780,6.421,10.960
12.660,83.210,6.446,11.010
12.640,83.550,6.471,11.010
12.440,82.110,6.500,10.800
12.470,82.200,6.525,11.010
12.560,82.590,6.550,11.010
12.690,82.350,6.575,11.010
12.650,82.440,6.601,11.060
12.640,82.440,6.628,11.010
12.800,82.400,6.652,11.010
12.550,81.490,6.686,10.740
12.080,82.350,6.754,11.120
12.100,82.730,6.778,11.060
12.260,82.200,6.803,11.010
12.430,82.440,6.830,11.060
12.530,82.250,6.855,11.060
12.620,82.590,6.878,11.120
12.690,82.590,6.907,11.120
12.770,82.110,6.932,11.060
12.770,82.440,6.958,11.120
12.800,82.250,6.984,11.120
12.750,82.250,7.009,11.010
12.760,82.300,7.037,11.170
12.880,82.110,7.062,11.120
12.920,82.400,7.089,11.170
12.870,82.590,7.113,11.170
12.680,81.920,7.138,11.170
12.790,82.350,7.165,11.120
12.930,82.110,7.193,11.170
12.980,82.300,7.218,11.120
12.950,82.440,7.246,11.220
12.830,81.960,7.270,11.170
12.970,82.350,7.298,11.280
12.540,81.920,7.326,11.170
12.670,82.300,7.349,11.280
12.870,82.640,7.376,11.220
12.920,82.920,7.402,11.440
13.050,83.260,7.429,11.280
13.130,83.500,7.452,11.280
13.220,82.110,7.477,11.170
13.040,82.490,7.504,11.280
13.180,82.250,7.529,11.280
13.070,82.300,7.557,11.330
13.010,81.920,7.583,11.330
13.020,82.300,7.609,11.330
13.100,82.680,7.633,11.380
13.120,82.160,7.661,11.330
13.160,82.540,7.685,11.330
13.180,82.250,7.711,11.330
13.300,82.200,7.738,11.280
13.460,82.590,7.764,11.380
13.130,82.110,7.807,11.330
13.120,82.490,7.838,11.330
13.290,82.110,7.863,11.330
13.310,82.540,7.889,11.380
13.350,82.300,7.915,11.380
13.460,82.200,7.940,11.330
13.380,82.590,7.968,11.440
13.510,82.300,7.991,11.380
13.590,82.490,8.015,11.380
13.600,82.160,8.040,11.330
13.460,82.540,8.072,11.440
13.420,82.160,8.093,11.220
13.570,82.540,8.120,11.380
13.490,82.350,8.146,11.440
13.540,82.440,8.174,11.490
13.590,82.350,8.198,11.490
13.540,82.110,8.226,11.440
13.600,82.490,8.251,11.490
13.520,82.060,8.275,11.490
13.610,82.440,8.299,11.490
13.690,82.110,8.326,11.330
13.630,82.110,8.352,11.540
13.680,82.440,8.379,11.490
13.650,82.350,8.403,11.540
13.850,82.060,8.429,11.380
13.770,82.160,8.454,11.540
13.850,82.540,8.482,11.540
13.850,81.960,8.507,11.330
13.800,82.160,8.534,11.490
13.900,82.490,8.559,11.490
14.010,81.680,8.603,11.280
13.790,82.640,8.627,11.650
13.960,83.070,8.653,11.590
14.090,83.350,8.678,11.590
14.090,83.640,8.705,11.590
14.070,82.160,8.746,11.330
14.000,81.580,8.769,11.330
14.020,83.160,8.794,11.590
14.170,83.450,8.827,11.590
14.010,82.200,8.848,11.170
14.110,81.820,8.877,11.590
13.970,82.300,8.902,11.590
14.080,82.680,8.927,11.650
14.020,82.200,8.954,11.650
14.090,82.590,8.979,11.650
13.940,82.160,9.006,11.650
14.050,82.920,9.027,11.700
14.010,83.210,9.057,11.650
14.200,83.500,9.083,11.700
14.110,82.350,9.112,11.650
14.110,82.780,9.135,11.700
13.920,83.070,9.161,11.650
14.040,83.350,9.187,11.700
14.190,82.010,9.214,11.380
14.100,82.110,9.240,11.590
14.030,82.590,9.267,11.750
14.190,82.920,9.292,11.750
14.190,83.210,9.319,11.750
14.280,83.450,9.349,11.750
14.280,82.250,9.372,11.590
14.220,82.640,9.398,11.810
14.170,82.250,9.426,11.700
14.180,82.680,9.451,11.750
14.230,82.440,9.479,11.860
14.300,82.200,9.504,11.700
14.340,82.400,9.530,11.700
14.170,81.870,9.555,11.810
14.230,82.640,9.580,11.910
14.210,83.020,9.605,11.860
14.330,83.310,9.632,11.860
14.470,83.550,9.658,11.860
14.450,81.920,9.683,11.650
14.250,82.490,9.709,11.860
14.420,82.110,9.736,11.860
14.300,82.400,9.760,11.750
14.380,82.110,9.789,11.860
14.420,82.400,9.813,11.910
14.550,81.920,9.842,11.860
14.470,82.250,9.868,11.970
14.450,82.590,9.891,11.910
14.470,82.160,9.918,11.810
14.520,82.250,9.946,11.810
14.500,82.160,9.971,11.970
14.450,82.350,9.998,11.910
14.360,82.010,10.022,11.910
14.490,82.350,10.049,11.910
14.470,82.060,10.076,11.860
14.410,82.350,10.102,11.910
14.560,82.400,10.126,11.910
14.550,82.160,10.153,11.910
14.580,82.400,10.180,11.910
14.710,81.870,10.208,11.970
14.690,82.200,10.231,11.970
14.720,82.350,10.259,11.970
14.630,82.350,10.286,12.020
14.740,82.540,10.308,12.020
14.730,82.060,10.334,12.070
14.730,82.400,10.359,12.020
14.780,82.640,10.384,12.070
14.700,81.820,10.412,12.020
14.740,82.350,10.437,12.130
14.780,82.400,10.462,12.020
14.790,82.300,10.491,12.070
14.760,82.060,10.515,11.910
14.730,82.400,10.540,12.070
14.800,82.440,10.566,12.130
14.700,82.640,10.591,12.070
14.720,82.440,10.619,12.180
14.730,82.350,10.642,12.070
14.740,82.350,10.670,12.020
14.860,82.440,10.694,12.130
15.040,82.590,10.721,12.130
14.920,82.110,10.743,12.180
14.850,82.440,10.769,12.130
14.970,82.060,10.796,12.180
15.020,82.440,10.822,12.130
15.000,82.540,10.851,12.130
14.930,82.200,10.874,12.230
15.090,82.590,10.901,12.180
15.080,82.490,10.928,12.130
14.960,82.350,10.951,12.230
15.050,82.730,10.979,12.180
15.140,82.440,11.003,12.230
15.280,82.250,11.031,12.180
15.260,82.060,11.058,12.180
15.270,82.490,11.085,12.230
15.320,82.350,11.110,12.230
15.310,82.110,11.136,12.180
15.350,82.300,11.162,12.130
15.350,82.440,11.188,12.180
15.440,82.730,11.213,12.230
15.430,82.110,11.241,12.180
15.410,82.490,11.264,12.180
15.550,82.300,11.290,12.290
15.550,82.400,11.317,12.230
15.520,82.440,11.345,12.290
15.620,82.250,11.374,12.230
15.580,82.780,11.397,12.290
15.570,83.260,11.424,12.290
15.670,83.590,11.450,12.290
15.560,82.830,11.476,12.290
15.660,83.310,11.502,12.290
15.630,82.680,11.526,12.070
15.640,83.070,11.554,12.340
15.610,83.550,11.579,12.340
15.400,82.200,11.605,12.290
15.450,82.400,11.630,12.390
15.410,82.680,11.655,12.340
15.470,82.540,11.684,12.390
15.490,83.020,11.707,12.340
15.550,83.500,11.733,12.340
15.600,81.960,11.761,12.340
15.540,82.590,11.786,12.390
15.640,83.110,11.812,12.450
15.660,83.550,11.836,12.390
15.640,82.160,11.864,12.290
15.600,82.780,11.889,12.390
15.670,82.680,11.914,12.500
15.660,81.770,11.942,12.230
15.620,82.440,11.966,12.450
15.670,82.920,11.991,12.450
15.790,83.350,12.019,12.450
15.820,81.920,12.044,12.230
15.580,82.540,12.070,12.450
15.740,82.640,12.090,12.500
15.690,82.400,12.121,12.450
15.630,81.960,12.147,12.500
15.690,82.540,12.173,12.500
15.790,82.540,12.200,12.550
15.890,83.020,12.225,12.550
15.860,83.450,12.250,12.500
16.010,82.680,12.279,12.500
15.810,82.200,12.306,12.500
15.890,82.730,12.331,12.550
15.940,83.160,12.357,12.550
16.110,83.640,12.384,12.550
16.040,82.490,12.409,12.500
15.960,83.020,12.436,12.550
16.000,83.450,12.462,12.550
16.000,83.020,12.489,12.610
16.070,83.590,12.513,12.610
15.980,82.640,12.542,12.610
15.970,83.160,12.564,12.610
16.050,83.590,12.588,12.610
16.090,82.830,12.616,12.660
16.110,83.310,12.640,12.610
16.150,82.640,12.667,12.340
16.020,82.110,12.694,12.660
16.050,82.400,12.719,12.550
16.080,82.540,12.747,12.550
16.080,82.540,12.774,12.710
16.000,82.440,12.800,12.710
15.910,82.110,12.826,12.710
15.940,82.590,12.851,12.710
16.080,82.680,12.878,12.710
16.040,83.260,12.904,12.710
16.140,83.110,12.930,12.770
16.250,83.690,12.956,12.770
16.190,82.440,12.983,12.660
16.140,82.400,13.007,12.710
16.160,82.060,13.034,12.660
16.080,82.400,13.056,12.660
16.200,82.300,13.083,12.710
16.230,82.060,13.109,12.770
16.020,82.440,13.136,12.710
16.070,82.300,13.163,12.770
16.170,82.250,13.187,12.660
16.140,81.820,13.212,12.610
16.140,82.490,13.238,12.820
16.280,81.920,13.264,12.610
16.360,83.070,13.291,12.820
16.250,82.160,13.318,12.710
16.120,82.300,13.343,12.870
16.240,82.160,13.370,12.660
16.190,82.350,13.397,12.820
16.260,82.300,13.422,12.820
16.340,83.260,13.448,12.920
16.450,82.920,13.471,12.660
16.210,82.160,13.519,12.870
15.970,82.730,13.586,12.870
15.870,82.590,13.625,12.870
16.100,82.300,13.649,12.870
16.160,81.960,13.676,12.870
16.180,82.440,13.702,12.920
16.250,82.010,13.728,12.770
16.190,82.540,13.755,12.870
16.370,82.640,13.780,12.920
16.290,82.060,13.808,12.870
16.280,82.350,13.832,12.770
16.340,82.060,13.860,12.920
16.440,82.680,13.886,12.870
16.500,83.020,13.911,12.920
16.580,83.450,13.939,12.870
16.630,82.680,13.965,12.820
16.640,83.110,13.989,12.820
16.750,83.550,14.013,12.870
16.670,82.250,14.043,12.770
16.620,82.350,14.068,12.870
16.660,82.540,14.094,12.920
16.690,81.960,14.121,12.870
16.760,82.540,14.145,12.920
16.830,83.020,14.170,12.920
16.940,83.450,14.198,12.870
16.960,82.540,14.223,12.820
16.920,82.400,14.249,12.870
16.860,82.010,14.276,12.870
16.830,82.350,14.300,12.870
16.890,82.590,14.326,12.920
16.810,82.060,14.356,12.870
16.820,82.590,14.382,12.870
16.930,82.540,14.408,12.920
16.860,83.020,14.433,13.140
16.970,83.400,14.459,12.870
17.060,81.920,14.486,12.610
16.920,82.640,14.512,12.870
17.030,83.110,14.537,12.870
17.070,83.550,14.563,12.870
17.130,82.830,14.590,12.870
17.080,83.260,14.615,12.870
17.090,82.490,14.641,12.390
16.980,82.730,14.669,12.920
17.050,82.160,14.695,12.870
17.030,82.590,14.722,12.820
16.730,81.920,14.765,12.820
16.560,82.440,14.795,12.870
16.860,82.110,14.821,12.820
16.580,82.350,14.847,12.770
16.880,82.440,14.875,12.870
16.730,82.300,14.897,12.870
16.810,82.440,14.924,12.870
16.840,82.060,14.951,12.770
16.830,82.490,14.978,12.920
16.600,82.160,15.019,12.820
16.410,83.020,15.048,12.870
16.700,83.350,15.075,12.820
16.810,82.400,15.102,12.770
16.610,82.250,15.128,12.920
16.680,82.640,15.152,12.870
16.780,82.540,15.179,12.870
16.900,81.870,15.205,12.870
16.950,82.400,15.231,12.870
17.030,82.730,15.257,12.870
17.170,83.160,15.284,12.870
17.240,83.500,15.310,12.870
17.200,82.730,15.336,12.870
17.200,82.400,15.361,12.770
17.250,82.110,15.389,12.920
17.090,82.350,15.411,12.770
17.140,82.590,15.440,12.820
17.150,82.490,15.465,12.820
17.210,82.490,15.493,12.820
17.130,82.160,15.518,12.770
17.240,81.960,15.544,12.710
17.200,82.440,15.572,12.820
17.250,82.160,15.597,12.770
17.280,81.870,15.625,12.820
17.250,82.400,15.650,12.870
17.220,82.110,15.679,12.820
17.330,82.250,15.702,12.770
17.220,82.200,15.729,12.820
17.310,82.680,15.755,12.870
17.350,82.300,15.782,12.870
17.300,82.350,15.807,12.770
17.380,82.200,15.834,12.820
17.370,82.680,15.861,12.820
17.500,82.490,15.887,12.820
17.260,82.200,15.912,12.820
17.480,82.590,15.938,12.820
17.470,82.110,15.963,12.870
17.500,82.590,15.989,12.820
17.640,81.920,16.018,12.820
17.480,82.350,16.040,12.820
17.540,82.300,16.068,12.870
17.570,82.110,16.095,12.710
17.610,82.400,16.119,12.870
17.780,82.400,16.145,12.920
17.760,82.200,16.170,12.610
17.750,82.300,16.197,12.770
17.810,82.440,16.222,12.770
17.840,82.160,16.244,12.820
17.750,81.870,16.273,12.710
17.750,82.490,16.299,12.920
17.780,81.960,16.327,12.820
17.830,82.400,16.351,12.870
17.750,82.640,16.376,12.870
17.560,82.160,16.403,12.820
17.610,82.540,16.426,12.820
17.660,82.250,16.455,12.870
17.730,82.200,16.481,12.770
17.750,82.160,16.506,12.710
17.640,82.350,16.531,12.820
17.760,81.920,16.558,12.660
17.790,82.400,16.584,12.820
17.810,82.440,16.610,12.820
17.920,82.490,16.635,12.870
17.860,82.060,16.659,12.820
17.750,82.440,16.685,12.870
17.840,82.010,16.712,12.920
17.880,82.490,16.737,12.920
17.860,82.730,16.762,12.820
17.800,82.200,16.789,12.870
17.880,81.960,16.815,12.710
17.910,82.440,16.840,12.870
17.880,82.110,16.867,12.820
17.950,82.540,16.894,12.920
18.020,82.060,16.921,12.820
17.980,82.540,16.944,12.870
18.010,82.300,16.971,12.870
18.090,81.960,16.997,12.710
18.120,82.200,17.025,12.820
18.160,82.400,17.050,12.770
18.060,82.440,17.076,12.820
18.180,82.060,17.103,12.710
18.030,82.590,17.128,12.820
18.150,82.920,17.151,12.870
18.250,83.260,17.177,12.870
18.360,83.590,17.203,12.870
18.330,82.160,17.232,12.610
18.350,82.400,17.258,12.820
18.310,82.110,17.281,12.610
18.370,82.160,17.308,12.870
18.440,82.640,17.333,12.820
18.520,82.970,17.359,12.870
18.590,83.310,17.386,12.870
18.600,82.680,17.412,12.770
18.590,82.830,17.438,12.870
18.650,83.210,17.462,12.820
18.690,83.590,17.490,12.870
18.630,82.110,17.517,12.820
18.590,82.640,17.543,12.870
18.650,82.970,17.567,12.870
18.650,83.350,17.593,12.870
18.740,82.350,17.621,12.450
18.570,82.400,17.663,12.870
18.280,81.920,17.716,12.820
18.340,82.350,17.748,12.870
18.570,82.640,17.773,12.770
18.780,82.440,17.800,12.920
18.720,82.490,17.826,12.820
18.750,82.160,17.849,12.820
18.740,82.440,17.877,12.870
18.540,82.400,17.922,12.870
18.650,82.490,17.946,12.820
18.750,82.300,17.970,12.820
18.700,82.400,17.997,12.770
18.820,82.300,18.023,12.770
18.860,82.350,18.049,12.870
18.910,81.770,18.075,12.660
18.980,82.200,18.101,12.770
19.190,82.250,18.130,12.710
19.250,82.350,18.156,12.820
19.000,82.060,18.183,12.820
19.160,82.490,18.207,12.870
19.200,82.250,18.233,12.770
19.110,82.400,18.260,12.820
19.220,82.640,18.286,12.870
19.290,82.200,18.311,12.820
19.210,82.110,18.337,12.820
19.350,82.300,18.362,12.770
19.330,82.400,18.388,12.820
19.480,81.820,18.415,12.820
19.460,82.350,18.442,12.820
19.410,82.640,18.467,12.820
19.420,81.920,18.499,12.820
19.190,82.300,18.538,12.820
19.350,82.590,18.562,12.920
19.560,81.920,18.588,12.820
19.480,82.400,18.613,12.870
19.600,82.640,18.639,12.870
19.600,81.960,18.666,12.820
19.480,82.350,18.691,12.820
19.610,82.400,18.717,12.820
19.680,82.350,18.745,12.870
19.640,82.730,18.770,12.770
19.630,82.350,18.796,12.820
19.740,82.110,18.825,12.770
19.670,82.200,18.849,12.770
19.650,82.160,18.875,12.710
19.210,82.590,18.912,12.870
19.180,81.920,18.950,12.820
19.270,82.400,18.974,12.820
19.360,82.780,19.000,12.820
19.690,83.110,19.028,12.770
19.640,83.400,19.055,12.770
19.340,81.960,19.098,12.390
19.320,82.350,19.121,12.820
19.370,82.110,19.149,12.820
19.480,82.250,19.174,12.710
19.490,82.010,19.201,12.770
19.500,82.440,19.227,12.870
19.620,82.110,19.252,12.710
19.530,82.400,19.280,12.820
19.550,81.960,19.306,12.820
19.620,82.400,19.333,12.820
19.630,82.110,19.358,12.820
19.620,81.960,19.383,12.710
19.590,82.160,19.411,12.870
19.650,82.490,19.437,12.820
19.720,82.250,19.462,12.820
19.770,82.440,19.488,12.870
19.590,82.160,19.514,12.710
19.730,82.540,19.544,12.870
19.550,82.060,19.569,12.820
19.670,82.440,19.594,12.820
19.520,82.060,19.624,12.870
19.450,82.250,19.646,12.770
19.580,82.400,19.671,12.770
19.710,81.960,19.699,12.820
19.640,82.350,19.722,12.870
19.790,82.160,19.750,12.710
19.650,82.440,19.776,12.820
19.810,82.010,19.803,12.870
19.880,82.350,19.828,12.870
19.910,82.730,19.854,12.820
19.940,82.400,19.882,12.770
19.940,82.110,19.905,12.550
20.040,82.590,19.932,12.820
19.990,82.880,19.957,12.770
20.210,83.210,19.985,12.820
20.230,83.450,20.007,12.820
20.210,82.970,20.035,12.770
19.990,83.350,20.061,12.820
20.240,82.160,20.087,12.340
20.200,82.400,20.111,12.770
20.130,82.200,20.139,12.610
20.100,83.020,20.166,12.770
20.090,83.400,20.192,12.820
20.000,82.300,20.218,12.500
19.560,82.300,20.244,12.870
19.590,82.680,20.268,12.770
19.760,83.070,20.293,12.870
19.870,83.400,20.319,12.710
19.900,82.440,20.345,12.390
19.820,81.920,20.372,12.660
19.920,82.350,20.391,12.820
19.730,82.730,20.421,12.770
19.740,82.110,20.447,12.820
19.690,82.440,20.473,12.820
19.750,81.820,20.499,12.550
19.560,82.490,20.525,12.870
19.700,81.870,20.550,12.660
19.700,82.350,20.575,12.870
19.830,82.680,20.605,12.820
19.880,81.960,20.630,12.820
19.810,82.400,20.655,12.770
19.870,82.160,20.682,12.710
19.850,82.010,20.708,12.770
19.950,82.400,20.733,12.820
19.980,82.730,20.759,12.820
20.040,82.540,20.786,12.820
20.050,82.200,20.812,12.820
19.820,82.200,20.837,12.710
19.960,82.440,20.863,12.870
19.970,82.160,20.889,12.550
20.080,82.590,20.913,12.820
20.090,82.350,20.939,12.820
20.090,82.540,20.966,12.770
19.840,82.060,20.992,12.770
19.910,82.400,21.019,12.770
19.930,82.440,21.045,12.820
19.990,82.350,21.071,12.820
20.130,82.160,21.097,12.820
20.150,82.590,21.122,12.770
20.200,82.400,21.147,12.770
20.150,82.110,21.175,12.820
20.200,82.440,21.204,12.820
20.260,82.160,21.228,12.770
20.220,82.200,21.254,12.770
20.220,81.820,21.282,12.660
20.240,82.160,21.307,12.770
20.320,81.920,21.332,12.710
20.210,82.300,21.360,12.820
20.330,81.960,21.386,12.770
20.220,82.300,21.411,12.870
20.340,81.870,21.438,12.820
20.430,82.250,21.465,12.820
20.440,82.250,21.490,12.770
20.470,82.490,21.518,12.820
20.540,81.920,21.548,12.820
20.490,82.250,21.569,12.820
20.610,82.640,21.597,12.770
20.610,82.400,21.623,12.820
20.540,82.060,21.649,12.710
20.050,82.350,21.711,12.820
19.920,81.870,21.751,12.820
19.900,82.250,21.772,12.770
20.060,82.540,21.799,12.820
20.170,82.010,21.825,12.820
20.240,82.350,21.853,12.820
20.250,82.680,21.876,12.770
20.480,82.920,21.903,12.820
20.390,83.260,21.931,12.770
20.420,83.550,21.957,12.820
20.420,82.300,21.983,12.710
20.440,82.250,22.009,12.710
20.400,82.300,22.036,12.820
20.420,82.440,22.062,12.820
20.420,82.010,22.089,12.820
20.340,82.350,22.114,12.770
20.490,82.640,22.140,12.820
20.550,81.960,22.168,12.820
20.490,82.300,22.192,12.770
20.540,81.680,22.221,12.500
20.440,82.110,22.245,12.770
20.490,82.400,22.270,12.820
20.580,82.680,22.297,12.770
20.600,82.200,22.322,12.820
20.670,82.300,22.348,12.710
20.740,82.590,22.374,12.770
20.760,82.060,22.401,12.820
20.740,82.490,22.427,12.770
20.880,82.060,22.453,12.660
20.830,82.300,22.480,12.820
20.880,82.250,22.506,12.710
21.020,81.770,22.534,12.610
20.870,82.160,22.561,12.770
20.940,82.490,22.585,12.770
20.980,82.010,22.613,12.660
21.000,82.110,22.639,12.770
21.080,82.490,22.663,12.770
21.020,81.920,22.690,12.820
21.100,82.350,22.718,12.820
21.120,81.730,22.742,12.550
21.080,82.200,22.768,12.770
21.200,82.590,22.794,12.770
21.160,82.350,22.820,12.770
21.140,82.250,22.845,12.770
21.230,82.200,22.871,12.710
21.180,82.440,22.899,12.770
21.190,82.300,22.925,12.770
21.300,82.440,22.953,12.870
21.320,82.440,22.976,12.820
21.290,82.160,23.003,12.870
21.370,82.680,23.029,12.820
21.400,82.400,23.055,12.870
21.470,83.160,23.080,12.870
21.650,82.350,23.107,12.660
21.480,82.490,23.134,12.710
21.550,82.300,23.154,12.710
21.450,82.250,23.186,12.710
21.430,82.730,23.210,12.820
21.400,82.540,23.235,12.770
21.620,82.010,23.262,12.770
21.440,82.590,23.291,12.820
21.380,83.070,23.312,12.820
21.510,83.450,23.338,12.820
21.600,82.300,23.366,12.710
21.580,82.400,23.392,12.660
21.700,82.590,23.417,12.710
21.830,82.490,23.446,12.820
21.760,82.010,23.473,12.710
21.680,82.300,23.497,12.820
21.450,82.640,23.526,12.820
21.630,82.010,23.549,12.710
21.520,82.540,23.578,12.770
21.550,81.960,23.602,12.710
21.660,82.300,23.627,12.770
21.770,82.440,23.653,12.870
21.860,81.870,23.678,12.550
21.770,82.300,23.702,12.820
21.910,82.200,23.729,12.660
21.930,81.870,23.754,12.660
21.820,82.300,23.800,12.820
21.820,82.250,23.821,12.770
21.820,82.640,23.851,12.820
21.770,82.440,23.896,12.870
21.670,82.010,23.918,12.820
21.930,82.440,23.943,12.820
21.990,82.250,23.970,12.820
21.700,81.960,24.015,12.820
21.690,82.440,24.059,12.820
21.560,82.300,24.079,12.820
21.490,82.300,24.107,12.820
21.580,82.440,24.129,12.870
21.760,82.010,24.156,12.770
21.600,82.300,24.182,12.770
21.730,82.440,24.207,12.770
21.720,82.440,24.232,12.770
21.550,82.400,24.261,12.820
21.670,82.400,24.284,12.820
21.260,82.200,24.321,12.710
21.160,82.590,24.357,12.820
20.940,82.160,24.388,12.770
21.120,82.350,24.425,12.820
20.990,82.250,24.449,12.770
21.200,81.770,24.476,12.610
21.290,82.440,24.502,12.820
21.380,82.440,24.529,12.820
21.620,82.060,24.553,12.820
21.600,82.400,24.580,12.770
20.770,82.200,24.650,12.610
20.540,82.350,24.671,12.770
20.600,82.680,24.700,12.820
20.840,82.400,24.723,12.770
20.880,82.540,24.750,12.820
20.820,82.350,24.776,12.770
20.890,82.250,24.803,12.820
20.990,82.060,24.829,12.770
21.000,82.590,24.853,12.870
21.140,82.540,24.882,12.870
20.960,82.880,24.908,12.870
21.070,83.400,24.935,12.820
20.990,82.590,24.963,12.710
20.920,82.250,24.987,12.770
21.010,82.400,25.012,12.770
21.040,82.300,25.039,12.770
21.210,82.060,25.063,12.660
21.240,82.490,25.091,12.820
21.240,82.110,25.117,12.770
21.270,82.300,25.142,12.770
21.190,82.350,25.167,12.770
21.230,81.960,25.192,12.770
21.410,81.960,25.219,12.660
21.430,82.300,25.245,12.820
21.550,81.960,25.272,12.660
21.650,82.440,25.299,12.820
21.600,82.110,25.326,12.770
21.540,82.300,25.345,12.770
21.750,82.250,25.374,12.770
21.700,82.010,25.402,12.770
21.660,82.010,25.426,12.660
21.680,82.300,25.450,12.820
21.780,82.250,25.478,12.770
21.610,82.350,25.506,12.820
21.720,81.820,25.529,12.660
21.740,82.400,25.555,12.770
21.430,82.440,25.596,12.770
21.490,82.160,25.646,12.820
21.380,82.060,25.673,12.770
21.500,82.110,25.696,12.660
21.490,82.400,25.724,12.820
21.670,82.400,25.748,12.770
21.790,82.350,25.774,12.770
21.820,82.490,25.800,12.820
21.820,81.920,25.827,12.550
21.810,82.490,25.852,12.820
21.990,82.400,25.878,12.820
21.930,81.920,25.906,12.770
21.990,82.440,25.924,12.820
22.070,82.880,25.956,12.770
22.260,83.260,25.981,12.820
22.260,82.350,26.005,12.710
22.270,82.110,26.033,12.770
22.200,82.060,26.060,12.660
22.220,81.920,26.086,12.660
22.160,82.250,26.111,12.820
22.160,82.350,26.137,12.710
21.990,82.250,26.163,12.610
22.160,82.350,26.190,12.770
22.020,82.110,26.217,12.770
21.990,81.920,26.240,12.660
21.950,82.400,26.267,12.770
22.050,82.440,26.297,12.770
21.920,82.060,26.330,12.820
21.960,82.160,26.383,12.710
22.150,82.200,26.438,12.770
22.040,82.680,26.481,12.770
21.780,82.110,26.505,12.770
21.930,82.400,26.529,12.820
21.990,82.350,26.556,12.870
22.060,82.200,26.584,12.710
21.950,82.440,26.609,12.710
21.850,82.250,26.635,12.820
22.040,81.580,26.659,12.500
21.930,82.440,26.685,12.820
21.850,82.590,26.714,12.770
21.830,81.920,26.738,12.770
21.710,82.400,26.763,12.770
21.770,82.880,26.789,12.820
22.030,83.210,26.814,12.820
22.120,82.250,26.843,12.770
22.180,81.920,26.866,12.660
22.190,82.350,26.893,12.770
22.360,81.920,26.919,12.660
22.330,82.300,26.946,12.820
22.320,81.870,26.971,12.610
22.260,82.250,26.998,12.870
21.990,82.350,27.032,12.710
21.990,82.160,27.096,12.710
21.880,82.490,27.118,12.820
21.990,82.200,27.147,12.770
21.990,82.400,27.173,12.770
21.980,82.200,27.199,12.770
21.760,82.300,27.225,12.770
21.880,82.110,27.249,12.710
22.010,82.400,27.277,12.770
22.100,82.110,27.304,12.820
22.210,82.110,27.328,12.660
22.160,82.540,27.352,12.770
22.330,82.110,27.379,12.710
22.300,82.440,27.405,12.710
22.250,82.250,27.439,12.710
21.970,82.440,27.475,12.820
22.010,82.300,27.501,12.660
21.930,82.160,27.544,12.820
21.720,82.400,27.566,12.770
21.870,82.350,27.592,12.770
22.050,82.250,27.619,12.710
22.040,82.400,27.645,12.770
21.910,82.160,27.673,12.770
22.090,82.350,27.699,12.770
22.090,82.060,27.725,12.610
22.040,82.250,27.774,12.770
21.760,82.640,27.807,12.820
21.820,82.110,27.831,12.820
21.900,82.490,27.857,12.820
22.030,82.880,27.884,12.820
22.060,83.310,27.912,12.820
22.160,82.200,27.937,12.450
22.000,82.160,27.966,12.770
21.990,82.350,27.991,12.610
22.060,82.300,28.016,12.870
21.900,82.110,28.042,12.550
21.750,82.490,28.067,12.710
21.550,82.060,28.099,12.820
21.500,82.400,28.133,12.770
21.760,81.870,28.160,12.820
21.850,82.350,28.184,12.870
21.950,81.960,28.210,12.660
21.910,82.200,28.237,12.820
22.050,82.110,28.262,12.770
22.100,82.490,28.287,12.820
21.840,82.440,28.329,12.820
21.880,82.300,28.363,12.710
21.980,82.680,28.388,12.770
21.880,82.540,28.413,12.870
21.930,82.010,28.439,12.820
22.010,82.490,28.466,12.870
22.200,82.880,28.489,12.870
22.270,83.260,28.518,12.870
22.400,83.590,28.542,12.820
22.260,81.920,28.589,12.770
22.590,82.540,28.645,12.870
22.480,82.010,28.697,12.770
22.420,82.160,28.757,12.920
22.520,82.160,28.810,12.660
22.640,82.300,28.863,12.710
22.770,82.590,28.922,12.820
22.770,82.440,28.969,12.820
22.700,82.250,28.991,12.710
22.720,82.060,29.017,12.710
22.580,82.110,29.042,12.820
22.690,82.400,29.067,12.770
22.660,82.160,29.094,12.820
22.770,81.630,29.118,12.610
22.700,82.780,29.144,12.920
22.810,82.490,29.171,12.820
22.560,82.160,29.196,12.820
22.770,82.440,29.224,12.870
22.720,82.350,29.249,12.820
22.850,82.250,29.275,12.820
22.870,82.440,29.302,12.820
22.850,82.160,29.327,12.770
22.900,82.440,29.353,12.870
22.920,82.060,29.380,12.870
22.880,82.300,29.405,12.820
22.880,82.400,29.431,12.820
22.960,82.200,29.475,12.770
22.600,82.060,29.500,12.770
22.810,82.440,29.525,12.870
22.790,82.160,29.552,12.820
22.870,81.920,29.578,12.710
22.770,82.250,29.604,12.820
22.820,82.110,29.626,12.770
22.920,82.350,29.656,12.770
22.920,82.200,29.680,12.820
22.850,82.350,29.708,12.820
22.870,82.010,29.730,12.820
22.930,82.440,29.758,12.870
23.050,82.490,29.784,12.870
23.090,82.350,29.812,12.820
23.090,81.960,29.837,12.770
23.010,82.400,29.864,12.820
22.830,82.010,29.892,12.820
22.770,82.440,29.917,12.820
22.880,82.250,29.941,12.770
23.080,82.110,29.968,12.820
23.140,82.490,29.993,12.870
23.220,82.110,30.019,12.820
23.210,81.870,30.044,12.660
23.200,82.250,30.071,12.770
23.340,82.350,30.098,12.820
23.140,82.440,30.123,12.820
23.050,82.200,30.151,12.820
22.900,81.920,30.175,12.660
22.990,82.250,30.201,12.870
23.050,82.010,30.228,12.820
23.180,82.440,30.252,12.870
23.270,82.300,30.280,12.820
23.370,82.300,30.306,12.870
23.400,81.920,30.331,12.710
23.340,82.300,30.358,12.820
23.540,82.160,30.388,12.820
23.590,81.960,30.413,12.710
23.440,82.200,30.441,12.820
23.440,82.250,30.465,12.820
23.110,82.110,30.491,12.710
23.300,82.440,30.515,12.820
23.340,82.200,30.562,12.770
23.720,82.200,30.615,12.770
23.740,82.400,30.660,12.820
23.720,82.060,30.709,12.820
23.480,82.400,30.738,12.820
23.560,81.960,30.764,12.870
23.650,82.490,30.793,12.820
23.770,82.300,30.819,12.770
23.700,82.250,30.845,12.820
23.680,82.400,30.870,12.820
23.740,81.960,30.899,12.870
23.690,82.350,30.924,12.870
23.620,82.010,30.950,12.820
23.650,82.400,30.973,12.820
23.660,81.960,31.000,12.820
23.550,82.400,31.024,12.870
23.560,81.870,31.050,12.710
23.640,82.110,31.076,12.870
23.800,82.540,31.102,12.870
23.890,82.300,31.130,12.820
23.830,82.350,31.155,12.770
23.830,82.060,31.181,12.820
23.870,82.440,31.206,12.820
23.720,82.060,31.235,12.820
23.760,82.400,31.257,12.870
23.790,82.350,31.284,12.820
23.790,82.400,31.310,12.870
23.900,82.400,31.337,12.870
23.900,81.960,31.362,12.710
23.830,82.200,31.389,12.820
23.890,82.250,31.413,12.710
23.950,82.350,31.438,12.710
24.020,82.490,31.459,12.820
23.940,82.250,31.489,12.870
23.940,82.400,31.514,12.820
23.900,82.010,31.541,12.870
23.930,82.400,31.566,12.770
24.050,82.730,31.593,12.820
24.030,82.160,31.620,12.820
24.110,82.250,31.644,12.820
24.110,82.110,31.672,12.870
24.140,82.400,31.697,12.870
24.240,82.350,31.724,12.870
24.180,82.250,31.748,12.820
24.350,82.590,31.774,12.820
24.290,81.920,31.800,12.820
24.220,82.300,31.826,12.820
24.320,82.640,31.855,12.870
24.200,82.400,31.881,12.820
24.320,82.010,31.909,12.770
24.320,82.400,31.932,12.820
24.340,82.200,31.961,12.820
24.310,82.110,31.987,12.770
24.290,82.400,32.012,12.770
24.270,82.350,32.038,12.820
24.300,81.920,32.081,12.870
23.900,82.300,32.158,12.820
23.830,81.820,32.201,12.770
23.720,82.200,32.224,12.870
23.850,82.400,32.251,12.820
23.920,81.960,32.277,12.770
23.930,82.400,32.303,12.770
23.880,82.250,32.336,12.820
23.890,82.640,32.397,12.770
24.020,82.200,32.446,12.820
23.830,82.540,32.475,12.870
23.890,82.540,32.500,12.820
23.770,82.200,32.539,12.820
23.770,81.920,32.590,12.660
23.780,82.350,32.646,12.770
23.780,82.110,32.707,12.820
23.880,82.490,32.765,12.820
23.970,81.960,32.812,12.660
23.910,82.160,32.854,12.870
24.160,82.350,32.912,12.820
24.060,82.200,32.970,12.870
23.830,82.540,33.051,12.820
23.500,82.110,33.104,12.770
23.580,82.110,33.167,12.770
23.770,82.400,33.225,12.820
23.840,81.870,33.277,12.660
23.790,82.200,33.335,12.820
23.720,82.540,33.393,12.770
23.860,82.880,33.462,12.870
23.830,83.160,33.513,12.820
23.860,82.110,33.570,12.610
23.500,82.540,33.643,12.820
23.390,82.490,33.667,12.770
23.550,81.820,33.693,12.820
23.500,82.250,33.719,12.820
23.680,82.490,33.745,12.770
23.720,82.160,33.773,12.770
23.850,82.490,33.797,12.820
23.920,81.870,33.841,12.710
23.850,82.250,33.884,12.770
24.000,82.590,33.945,12.770
23.930,82.250,33.982,12.710
23.780,82.400,34.006,12.710
23.590,81.870,34.031,12.710
23.710,82.300,34.055,12.770
23.770,82.590,34.081,12.820
23.830,81.960,34.107,12.710
24.190,82.440,34.154,12.770
23.900,81.960,34.221,12.710
24.060,82.350,34.272,12.770
24.180,81.920,34.317,12.660
24.350,82.350,34.376,12.710
24.060,82.640,34.442,12.710
23.830,82.160,34.513,12.710
23.830,82.350,34.567,12.710
23.900,82.010,34.628,12.710
23.830,82.400,34.688,12.660
23.620,81.920,34.755,12.660
23.630,82.300,34.814,12.710
23.500,82.350,34.856,12.710
23.600,82.010,34.877,12.770
23.720,82.400,34.902,12.710
23.750,82.200,34.928,12.710
23.700,82.350,34.955,12.660
23.690,82.590,34.979,12.710
23.870,82.060,35.007,12.660
23.860,82.440,35.031,12.660
23.760,82.200,35.059,12.660
23.750,82.060,35.085,12.610
23.740,82.300,35.111,12.660
23.860,82.640,35.138,12.710
24.010,81.820,35.163,12.660
22.430,82.300,35.234,12.710
22.470,82.590,35.288,12.710
22.340,82.110,35.311,12.660
22.490,82.490,35.335,12.660
22.580,82.250,35.363,12.500
22.600,82.160,35.390,12.710
22.720,82.440,35.413,12.660
22.830,82.780,35.438,12.710
22.910,83.070,35.465,12.710
22.990,83.350,35.493,12.660
23.160,83.640,35.517,12.710
22.840,81.770,35.543,12.550
22.840,82.250,35.570,12.660
23.000,82.730,35.598,12.660
23.220,83.020,35.622,12.660
23.310,83.350,35.649,12.660
23.380,82.730,35.674,12.660
23.220,82.780,35.703,12.610
23.250,83.160,35.726,12.660
23.260,83.450,35.752,12.660
22.990,82.490,35.808,12.660
23.100,82.970,35.860,12.660
23.050,83.310,35.882,12.660
23.190,83.590,35.909,12.660
23.160,81.920,35.936,12.550
23.130,82.350,35.961,12.660
23.110,82.060,35.988,12.660
22.930,82.400,36.014,12.660
23.000,81.440,36.037,12.340
22.940,82.250,36.066,12.660
23.040,82.590,36.087,12.660
23.160,82.540,36.115,12.610
23.070,82.200,36.141,12.660
23.080,82.540,36.166,12.710
23.190,82.490,36.192,12.710
23.220,81.920,36.219,12.390
23.310,82.440,36.263,12.660
23.060,82.730,36.286,12.660
23.170,83.070,36.315,12.660
23.200,83.350,36.338,12.660
23.290,83.590,36.365,12.660
23.330,82.880,36.393,12.710
23.190,83.110,36.416,12.660
23.310,83.450,36.443,12.710
23.240,82.350,36.485,12.500
23.240,82.540,36.547,12.660
23.040,82.200,36.596,12.660
23.050,82.590,36.650,12.610
22.750,82.300,36.712,12.610
22.880,82.200,36.771,12.660
22.890,82.590,36.823,12.710
22.660,81.960,36.883,12.660
22.700,82.250,36.943,12.660
22.870,82.590,36.994,12.660
22.880,81.960,37.042,12.610
22.720,82.300,37.082,12.610
22.860,82.640,37.106,12.660
22.900,82.350,37.132,12.660
22.990,82.680,37.157,12.660
22.600,82.440,37.213,12.610
22.590,82.540,37.251,12.660
22.550,82.400,37.273,12.710
22.540,82.110,37.301,12.610
22.660,82.400,37.325,12.610
22.770,82.540,37.351,12.660
22.860,82.010,37.377,12.610
22.800,82.350,37.401,12.660
22.980,82.640,37.429,12.660
22.950,82.400,37.454,12.660
22.950,81.820,37.483,12.610
22.800,82.200,37.505,12.660
22.890,82.490,37.531,12.710
22.990,81.820,37.557,12.450
22.940,82.300,37.583,12.610
23.020,81.870,37.607,12.610
23.050,82.160,37.634,12.660
23.220,82.490,37.659,12.660
23.330,81.820,37.686,12.500
23.150,82.250,37.711,12.610
23.360,81.770,37.738,12.550
23.070,82.160,37.787,12.610
23.390,82.490,37.833,12.610
23.190,82.780,37.865,12.660
23.270,81.730,37.891,12.550
23.330,82.200,37.917,12.660
23.300,81.770,37.942,12.500
23.220,82.160,37.969,12.610
23.370,82.200,37.992,12.610
23.360,82.490,38.018,12.660
23.500,82.300,38.043,12.710
23.480,81.960,38.070,12.660
23.390,82.590,38.094,12.660
23.500,81.920,38.123,12.610
23.470,82.400,38.147,12.550
23.500,82.300,38.174,12.550
23.440,81.770,38.201,12.450
23.420,82.440,38.225,12.660
23.510,82.250,38.251,12.660
23.660,82.110,38.280,12.550
23.580,82.250,38.304,12.660
23.440,82.400,38.332,12.500
23.510,82.200,38.358,12.550
23.560,81.960,38.384,12.550
23.200,82.300,38.409,12.550
23.370,82.300,38.436,12.660
23.330,82.350,38.461,12.610
23.460,82.010,38.487,12.550
23.360,82.590,38.533,12.660
23.530,82.300,38.592,12.610
23.630,81.960,38.653,12.660
23.530,82.490,38.710,12.610
23.500,81.870,38.768,12.610
23.720,82.440,38.821,12.610
23.630,81.920,38.880,12.500
23.330,82.300,38.950,12.660
23.300,82.250,39.013,12.610
23.350,82.010,39.065,12.500
23.370,82.440,39.120,12.550
23.550,82.160,39.175,12.550
23.720,82.060,39.227,12.390
23.780,82.160,39.285,12.610
23.420,82.680,39.317,12.550
23.660,82.400,39.343,12.660
23.680,82.160,39.369,12.550
23.730,81.770,39.395,12.500
23.690,82.400,39.421,12.610
23.700,81.920,39.446,12.610
23.760,82.440,39.474,12.610
23.760,82.200,39.499,12.550
23.920,82.680,39.525,12.610
23.900,82.590,39.549,12.610
23.930,82.010,39.576,12.550
23.780,82.060,39.602,12.500
23.790,82.200,39.628,12.660
23.710,82.350,39.654,12.660
23.750,82.400,39.680,12.660
23.760,82.110,39.706,12.660
23.840,82.200,39.731,12.610
23.850,82.250,39.754,12.610
24.010,82.110,39.804,12.610
23.950,82.350,39.853,12.610
23.930,82.400,39.924,12.610
23.400,82.300,39.998,12.610
23.450,82.110,40.062,12.610
23.740,81.820,40.119,12.450
23.700,82.400,40.178,12.610
23.770,82.540,40.228,12.610
23.960,82.880,40.284,12.660
23.940,83.310,40.324,12.550
23.960,81.960,40.363,12.550
24.000,82.400,40.425,12.610
23.820,82.350,40.491,12.610
23.790,82.060,40.554,12.550
23.880,82.540,40.610,12.660
23.540,82.400,40.686,12.550
23.660,82.490,40.742,12.550
23.220,82.250,40.814,12.550
23.050,82.490,40.887,12.610
23.150,82.300,40.939,12.550
23.170,82.250,40.995,12.550
23.010,82.400,41.034,12.550
23.270,82.250,41.058,12.610
23.300,82.780,41.084,12.660
23.150,82.590,41.115,12.660
23.270,82.400,41.136,12.610
23.470,82.440,41.164,12.660
23.470,82.200,41.191,12.660
23.460,82.060,41.214,12.610
23.490,82.010,41.240,12.550
23.400,82.200,41.267,12.500
23.500,82.400,41.294,12.550
23.490,82.110,41.320,12.660
23.550,82.590,41.347,12.610
23.590,83.020,41.372,12.660
23.840,82.680,41.396,12.610
23.740,82.300,41.423,12.610
23.780,81.580,41.449,12.340
23.500,83.210,41.477,12.660
23.600,83.590,41.500,12.660
23.640,82.200,41.528,12.550
23.530,81.960,41.555,12.550
23.500,82.300,41.581,12.550
23.490,81.870,41.606,12.450
23.420,82.250,41.632,12.610
23.460,82.110,41.660,12.610
23.390,81.870,41.684,12.550
23.240,82.350,41.713,12.610
23.320,81.870,41.736,12.390
23.420,82.350,41.763,12.610
23.620,82.680,41.789,12.610
23.630,82.160,41.816,12.660
23.770,82.200,41.842,12.550
23.660,81.820,41.867,12.500
23.560,82.440,41.893,12.550
23.820,82.200,41.918,12.550
23.920,82.300,41.943,12.550
23.960,82.490,41.971,12.610
24.030,82.590,41.996,12.550
24.090,82.200,42.022,12.500
23.940,82.540,42.046,12.550
24.120,82.350,42.074,12.610
23.860,82.300,42.096,12.450
24.020,82.400,42.122,12.610
24.030,82.200,42.149,12.550
23.990,82.680,42.174,12.610
24.180,82.490,42.201,12.610
24.200,81.870,42.227,12.390
24.300,82.540,42.254,12.550
24.370,82.970,42.279,12.610
24.280,83.350,42.305,12.610
24.390,82.640,42.331,12.450
24.380,82.680,42.357,12.610
24.360,82.440,42.385,12.550
24.390,82.250,42.409,12.550
24.450,82.780,42.434,12.610
24.510,82.880,42.461,12.660
24.520,82.680,42.487,12.450
24.500,82.250,42.514,12.610
24.660,81.960,42.540,12.500
24.570,82.440,42.565,12.610
24.520,82.300,42.593,12.550
24.560,81.920,42.617,12.500
24.230,82.200,42.666,12.550
23.690,82.160,42.731,12.550
23.690,82.400,42.778,12.610
23.610,82.060,42.801,12.550
23.890,82.250,42.827,12.500
23.870,82.110,42.855,12.550
23.820,82.400,42.878,12.550
23.870,82.440,42.906,12.550
23.810,82.010,42.936,12.610
23.780,82.440,42.974,12.610
24.020,82.250,42.998,12.550
24.160,82.350,43.025,12.610
24.120,82.440,43.052,12.550
24.170,82.110,43.077,12.550
24.290,81.770,43.102,12.390
24.260,82.250,43.129,12.550
24.440,81.870,43.156,12.450
24.250,82.300,43.182,12.550
24.450,82.440,43.205,12.610
24.480,82.110,43.232,12.550
24.380,82.350,43.257,12.500
24.560,82.060,43.309,12.500
24.250,82.350,43.374,12.550
24.010,82.110,43.443,12.550
24.170,82.490,43.498,12.550
24.110,82.250,43.539,12.550
24.410,81.960,43.594,12.450
24.390,82.300,43.651,12.550
24.240,82.110,43.693,12.500
24.150,82.060,43.716,12.500
24.250,82.490,43.760,12.550
24.420,82.160,43.812,12.550
24.340,82.110,43.865,12.390
24.000,82.350,43.934,12.550
24.110,82.110,43.995,12.500
24.130,82.490,44.051,12.550
24.160,82.640,44.098,12.550
24.300,82.400,44.146,12.550
24.170,81.960,44.199,12.500
24.240,82.440,44.258,12.500
24.350,82.060,44.318,12.450
24.210,82.400,44.381,12.550
24.200,82.010,44.429,12.340
24.070,82.060,44.488,12.450
24.100,82.250,44.541,12.550
23.720,82.680,44.603,12.660
23.390,82.160,44.634,12.550
23.740,82.350,44.659,12.610
23.900,82.160,44.685,12.610
23.980,81.960,44.714,12.550
23.930,82.250,44.740,12.500
24.070,82.010,44.767,12.550
24.100,82.300,44.793,12.500
24.260,82.350,44.819,12.550
24.270,82.350,44.845,12.500
24.230,81.960,44.872,12.550
24.380,82.400,44.896,12.610
24.540,82.200,44.923,12.550
24.470,82.300,44.949,12.500
24.550,82.350,44.976,12.500
24.250,82.110,45.002,12.550
24.430,82.540,45.027,12.610
24.620,82.160,45.056,12.610
24.670,82.920,45.081,12.610
24.710,83.260,45.104,12.550
24.880,81.960,45.132,12.180
24.870,82.250,45.158,12.500
24.330,82.250,45.223,12.450
24.480,82.680,45.276,12.550
24.730,82.440,45.329,12.550
24.790,82.250,45.390,12.500
24.490,82.200,45.441,12.500
24.500,81.730,45.463,12.450
24.610,82.200,45.491,12.500
24.700,82.490,45.517,12.500
24.680,82.060,45.544,12.550
24.810,82.540,45.570,12.550
24.830,82.440,45.596,12.550
24.210,82.110,45.677,12.500
24.350,82.490,45.739,12.500
24.390,82.540,45.803,12.550
24.330,82.350,45.863,12.550
24.420,81.920,45.919,12.290
24.340,82.540,45.976,12.550
24.290,81.870,46.027,12.390
24.350,82.350,46.081,12.550
24.600,81.820,46.140,12.390
24.260,82.300,46.203,12.550
24.400,82.830,46.266,12.550
24.420,83.210,46.308,12.500
24.420,83.550,46.332,12.550
24.240,82.110,46.358,12.340
24.310,82.160,46.383,12.450
24.340,82.200,46.408,12.500
24.420,82.300,46.435,12.550
24.410,82.200,46.460,12.500
24.360,82.300,46.487,12.500
24.490,82.060,46.512,12.610
24.600,82.300,46.536,12.500
24.540,82.010,46.566,12.500
24.320,82.300,46.591,12.500
24.430,81.820,46.616,12.450
24.590,82.300,46.641,12.550
24.670,82.250,46.668,12.550
24.550,82.160,46.696,12.550
24.640,82.540,46.717,12.500
24.840,81.870,46.744,12.450
24.670,82.300,46.770,12.550
24.920,82.300,46.796,12.550
24.920,82.400,46.821,12.550
25.080,82.640,46.848,12.550
24.960,82.010,46.875,12.500
24.990,82.010,46.901,12.450
25.060,82.300,46.927,12.550
25.080,82.640,46.954,12.550
25.150,82.350,46.979,12.550
25.210,82.680,47.006,12.550
25.100,83.070,47.030,12.550
25.360,83.400,47.058,12.550
25.260,82.110,47.084,12.180
24.910,82.250,47.156,12.550
25.100,82.640,47.211,12.500
25.290,82.440,47.269,12.500
25.230,82.060,47.319,12.500
25.150,81.730,47.369,12.340
25.080,82.300,47.409,12.550
25.110,81.820,47.433,12.390
25.130,82.350,47.460,12.450
25.180,82.680,47.485,12.550
25.120,81.920,47.512,12.500
25.050,82.400,47.537,12.550
25.060,82.200,47.563,12.450
25.250,82.350,47.588,12.550
25.280,82.350,47.636,12.500
25.410,82.160,47.693,12.500
25.270,82.400,47.758,12.450
25.320,82.400,47.816,12.550
25.400,82.160,47.876,12.500
25.430,82.350,47.933,12.450
25.450,82.060,47.985,12.450
25.560,82.490,48.048,12.500
25.410,82.350,48.081,12.500
25.390,82.350,48.104,12.450
25.290,82.060,48.145,12.390
25.130,82.350,48.194,12.450
25.170,82.680,48.214,12.500
25.290,82.010,48.241,12.500
25.320,82.440,48.269,12.550
25.420,82.400,48.294,12.500
25.130,82.200,48.321,12.390
25.310,82.160,48.348,12.340
25.460,82.590,48.373,12.450
25.440,82.300,48.398,12.500
25.540,82.680,48.424,12.550
25.610,82.970,48.449,12.450
25.660,83.310,48.475,12.450
25.610,82.780,48.503,12.390
25.290,81.870,48.530,12.390
25.270,82.350,48.556,12.500
25.450,81.730,48.581,12.290
25.500,82.350,48.608,12.450
25.510,82.200,48.634,12.450
25.470,81.960,48.660,12.340
25.400,82.160,48.685,12.500
25.500,82.490,48.711,12.500
25.380,82.200,48.737,12.500
25.390,82.970,48.782,12.500
25.200,83.310,48.804,12.500
25.330,82.400,48.831,12.390
25.260,82.110,48.858,12.500
25.270,82.490,48.882,12.500
25.330,82.160,48.909,12.450
25.190,82.350,48.946,12.450
25.090,81.920,49.012,12.450
25.090,82.350,49.065,12.500
25.170,82.250,49.128,12.450
25.160,82.640,49.184,12.500
25.110,82.060,49.246,12.340
25.250,82.160,49.298,12.450
25.170,82.350,49.356,12.450
25.340,82.200,49.411,12.450
25.580,81.870,49.465,12.340
25.740,82.160,49.524,12.450
25.820,82.540,49.580,12.500
26.000,82.490,49.633,12.390
26.160,81.770,49.682,12.290
26.080,82.300,49.745,12.500
26.360,82.060,49.806,12.390
26.300,82.490,49.862,12.500
26.280,82.010,49.924,12.450
26.440,82.400,49.976,12.500
26.570,81.870,50.029,12.450
26.470,82.350,50.077,12.450
26.270,82.680,50.154,12.450
25.830,82.400,50.238,12.450
25.790,81.960,50.292,12.340
25.950,82.400,50.354,12.390
26.000,82.730,50.405,12.450
25.890,83.070,50.440,12.500
25.810,81.820,50.465,12.070
25.820,82.490,50.490,12.500
25.870,82.440,50.516,12.450
26.090,82.300,50.542,12.450
26.020,81.680,50.568,12.230
26.040,82.160,50.594,12.500
26.190,82.200,50.622,12.390
26.010,82.350,50.648,12.450
25.890,82.110,50.672,12.450
26.050,81.960,50.698,12.340
26.050,82.160,50.725,12.390
26.000,82.110,50.755,12.390
26.170,82.350,50.810,12.450
26.020,82.010,50.873,12.450
25.870,82.400,50.942,12.390
25.660,81.960,51.010,12.390
25.610,82.300,51.054,12.390
25.560,82.060,51.075,12.450
25.750,82.060,51.102,12.340
25.830,82.160,51.128,12.390
25.820,82.110,51.153,12.390
25.730,82.400,51.179,12.390
25.830,82.640,51.206,12.450
25.730,81.960,51.233,12.340
25.910,82.440,51.258,12.450
25.950,82.730,51.283,12.390
25.980,83.020,51.309,12.390
26.040,83.350,51.335,12.390
26.280,83.640,51.360,12.390
26.110,81.730,51.389,12.290
25.920,82.250,51.413,12.450
26.060,82.350,51.439,12.450
25.990,82.060,51.467,12.450
26.110,82.440,51.489,12.450
26.210,82.200,51.517,12.390
26.280,81.730,51.542,12.290
26.140,82.200,51.568,12.390
26.240,82.160,51.594,12.340
26.370,82.540,51.620,12.390
26.290,82.200,51.645,12.390
26.430,82.160,51.671,12.390
26.340,82.350,51.697,12.390
26.430,82.060,51.724,12.390
26.320,82.440,51.748,12.450
26.370,82.010,51.773,12.290
26.480,82.110,51.801,12.450
26.500,82.250,51.829,12.340
26.340,82.350,51.852,12.390
26.400,81.920,51.880,12.340
26.400,82.350,51.905,12.450
26.570,82.060,51.931,12.390
26.470,82.400,51.974,12.450
26.260,82.060,52.000,12.450
26.350,82.400,52.024,12.390
26.340,82.060,52.052,12.500
26.330,82.060,52.077,12.390
26.460,82.160,52.103,12.390
26.360,82.060,52.128,12.340
26.480,82.250,52.154,12.450
26.520,81.770,52.181,12.290
26.500,82.200,52.202,12.450
26.310,82.010,52.246,12.340
26.550,82.250,52.291,12.450
26.400,81.920,52.314,12.390
26.220,82.250,52.340,12.390
26.120,81.920,52.365,12.230
26.020,82.200,52.395,12.390
26.240,82.490,52.417,12.450
26.340,82.110,52.443,12.450
26.040,81.730,52.477,12.230
26.340,82.160,52.530,12.340
26.220,82.010,52.552,12.290
26.330,82.440,52.580,12.390
26.460,82.200,52.605,12.390
26.290,81.960,52.655,12.290
26.310,82.300,52.676,12.450
26.230,81.820,52.703,12.390
26.420,82.250,52.729,12.390
26.580,82.540,52.755,12.450
26.680,82.880,52.782,12.390
26.810,83.160,52.808,12.390
26.780,83.450,52.834,12.390
27.060,82.490,52.861,12.180
26.710,82.160,52.887,12.390
26.760,81.770,52.913,12.230
26.810,82.200,52.939,12.390
26.840,82.110,52.966,12.230
26.970,82.200,52.994,12.390
26.990,82.010,53.018,12.340
26.840,82.400,53.044,12.390
27.020,82.250,53.070,12.390
26.910,82.110,53.096,12.390
27.020,82.400,53.122,12.390
26.980,81.870,53.150,12.340
26.980,82.250,53.173,12.390
27.070,82.010,53.201,12.290
26.630,82.200,53.249,12.340
26.670,82.540,53.285,12.390
26.670,82.060,53.308,12.230
26.480,82.300,53.336,12.340
26.560,81.770,53.361,12.230
26.660,82.200,53.387,12.340
26.840,81.770,53.413,12.290
26.730,82.160,53.438,12.340
26.860,82.440,53.463,12.390
26.830,82.110,53.490,12.450
27.070,82.400,53.515,12.390
27.130,82.010,53.544,12.390
25.880,82.350,53.620,12.390
25.650,82.160,53.667,12.390
25.790,82.400,53.702,12.390
25.960,81.960,53.727,12.390
26.060,82.300,53.754,12.390
26.240,82.110,53.780,12.290
26.330,82.440,53.807,12.340
25.940,82.060,53.858,12.390
25.740,82.440,53.884,12.390
26.040,82.010,53.911,12.340
26.180,82.350,53.939,12.390
26.450,81.870,53.965,12.340
26.560,82.200,53.990,12.390
26.680,82.250,54.015,12.340
26.820,82.440,54.042,12.390
26.780,82.060,54.078,12.390
27.070,82.400,54.132,12.340
26.870,81.820,54.165,12.180
26.790,82.160,54.193,12.340
27.230,82.060,54.251,12.290
27.170,82.160,54.316,12.340
27.410,82.010,54.370,12.290
27.510,82.110,54.428,12.390
27.640,82.200,54.477,12.290
27.640,82.060,54.540,12.340
27.850,82.350,54.603,12.390
27.430,81.870,54.673,12.340
27.210,82.200,54.734,12.390
27.360,82.490,54.791,12.340
27.560,82.200,54.841,12.390
27.400,81.870,54.884,12.230
27.690,82.160,54.941,12.290
27.630,82.110,54.980,12.230
27.610,82.060,55.040,12.340
27.820,82.110,55.090,12.290
27.670,82.300,55.139,12.340
27.670,81.820,55.175,12.230
27.760,82.110,55.200,12.290
27.620,82.440,55.227,12.340
27.610,82.250,55.253,12.290
27.750,81.960,55.277,12.230
27.730,82.160,55.306,12.290
27.760,81.870,55.330,12.230
27.700,82.160,55.357,12.340
27.480,81.960,55.385,12.230
27.360,82.300,55.408,12.340
27.450,82.110,55.433,12.290
27.420,82.060,55.463,12.290
27.380,82.350,55.487,12.340
27.500,82.010,55.516,12.180
27.470,82.060,55.541,12.290
27.400,82.400,55.566,12.290
27.480,81.820,55.591,12.230
27.560,82.200,55.617,12.340
27.640,82.160,55.658,12.230
27.670,82.350,55.709,12.340
27.730,81.870,55.773,12.290
27.700,82.250,55.823,12.340
27.910,82.010,55.878,12.340
27.980,82.350,55.934,12.290
27.660,82.160,56.004,12.290
27.810,82.160,56.055,12.230
27.570,82.200,56.123,12.340
27.470,81.870,56.185,12.180
27.690,82.440,56.238,12.340
27.430,82.250,56.298,12.290
27.390,82.110,56.336,12.230
27.640,82.590,56.357,12.340
27.650,82.540,56.387,12.340
27.650,82.400,56.412,12.290
27.580,82.590,56.441,12.390
27.470,82.730,56.464,12.340
27.670,83.210,56.489,12.340
27.910,81.920,56.516,11.970
27.750,81.820,56.544,12.290
27.570,82.440,56.569,12.290
27.650,82.160,56.595,12.290
27.700,82.350,56.621,12.340
27.830,82.300,56.648,12.340
27.800,82.300,56.673,12.290
27.580,82.250,56.701,12.290
27.760,82.300,56.725,12.390
27.790,81.730,56.750,12.130
27.870,82.350,56.794,12.340
28.080,82.060,56.851,12.340
28.000,82.350,56.913,12.290
28.070,82.010,56.969,12.130
28.040,82.350,57.026,12.290
27.920,82.300,57.076,12.290
27.860,82.060,57.118,12.290
27.890,82.250,57.157,12.290
27.790,82.160,57.179,12.230
27.820,82.400,57.206,12.290
27.780,82.110,57.231,12.130
27.960,82.540,57.256,12.290
28.130,81.920,57.283,12.230
28.060,82.440,57.336,12.290
27.670,82.970,57.363,12.290
27.910,83.350,57.388,12.290
28.080,82.640,57.414,12.230
27.830,83.020,57.441,12.290
28.040,83.500,57.466,12.290
28.110,82.830,57.493,12.340
28.170,83.350,57.519,12.290
28.060,81.920,57.563,11.860
27.740,82.440,57.636,12.290
27.670,83.070,57.677,12.340
27.400,83.450,57.703,12.340
27.470,82.680,57.725,12.290
27.950,83.260,57.752,12.290
27.870,82.440,57.777,12.130
27.860,82.730,57.803,12.290
27.840,81.820,57.831,12.230
27.830,82.400,57.855,12.290
27.940,82.300,57.881,12.180
28.160,82.010,57.908,12.180
27.990,82.400,57.934,12.290
28.160,82.970,57.958,12.340
28.320,82.880,57.983,12.340
28.340,83.350,58.009,12.290
28.520,82.110,58.036,12.020
28.320,82.350,58.062,12.290
28.150,82.060,58.090,12.230
28.150,82.540,58.115,12.230
28.280,82.160,58.143,12.230
28.220,81.960,58.169,12.230
28.430,82.200,58.194,12.230
28.470,82.350,58.220,12.230
28.630,82.110,58.245,12.130
28.570,82.060,58.270,12.230
28.670,81.870,58.298,12.130
28.610,82.350,58.322,12.290
28.730,82.440,58.349,12.230
28.760,82.400,58.375,12.290
28.770,82.110,58.403,12.290
29.000,82.350,58.427,12.230
29.020,82.250,58.454,12.290
28.930,82.300,58.480,12.230
29.000,81.960,58.506,12.290
28.970,81.920,58.534,12.130
28.890,82.300,58.560,12.340
29.060,82.250,58.586,12.290
29.110,82.300,58.612,12.230
28.950,82.200,58.637,12.180
29.020,82.350,58.664,12.230
28.860,82.250,58.690,12.180
28.910,82.200,58.714,12.290
28.770,81.820,58.741,12.180
28.480,82.350,58.765,12.180
28.730,82.060,58.792,12.290
28.240,82.590,58.851,12.290
28.490,82.110,58.897,12.290
28.780,82.250,58.955,12.230
28.480,82.440,59.015,12.230
28.580,82.300,59.067,12.230
28.710,82.400,59.115,12.230
28.450,82.350,59.142,12.230
28.510,82.160,59.167,12.230
28.210,82.350,59.229,12.130
27.670,82.350,59.287,12.230
27.710,82.010,59.340,12.070
27.810,82.200,59.386,12.290
27.740,81.920,59.408,12.130
27.830,82.350,59.433,12.230
27.960,82.160,59.461,12.180
27.930,82.300,59.485,12.230
27.970,82.350,59.512,12.230
28.010,82.400,59.538,12.290
27.840,82.400,59.566,12.230
27.820,82.440,59.589,12.290
27.970,82.590,59.616,12.290
28.130,81.960,59.644,12.230
28.140,82.250,59.666,12.180
28.200,82.060,59.694,12.130
28.160,81.920,59.727,12.180
28.400,82.400,59.781,12.230
28.550,82.060,59.835,12.180
28.730,82.440,59.893,12.230
28.310,82.300,59.962,12.130
28.570,82.250,60.013,12.180
28.190,82.400,60.089,12.230
28.280,82.010,60.137,12.230
28.510,82.250,60.188,12.180
28.340,82.300,60.245,12.180
28.300,82.250,60.292,12.180
28.290,82.200,60.313,12.230
28.350,82.010,60.340,12.290
28.390,82.160,60.368,12.180
28.440,82.110,60.393,12.180
28.490,82.010,60.420,12.130
28.410,82.160,60.446,12.180
28.380,82.160,60.471,12.230
28.510,82.160,60.495,12.180
28.570,82.350,60.525,12.230
28.400,82.350,60.548,12.180
28.480,82.350,60.576,12.180
28.510,81.960,60.602,12.180
28.300,82.300,60.628,12.180
28.090,82.110,60.656,12.180
28.100,82.060,60.681,12.180
28.240,82.490,60.707,12.180
28.270,81.960,60.736,12.180
28.490,82.400,60.783,12.180
28.250,82.010,60.817,12.130
28.360,82.250,60.841,12.180
28.360,82.200,60.868,12.180
28.400,81.920,60.894,12.180
24.120,82.440,61.072,12.180
24.310,81.920,61.093,12.180
24.630,82.350,61.119,12.230
24.890,82.200,61.145,12.130
24.800,81.960,61.194,12.070
24.900,82.300,61.216,12.230
25.170,82.110,61.242,12.180
25.390,81.920,61.268,12.130
25.500,82.350,61.295,12.230
25.700,82.300,61.321,12.230
25.840,81.820,61.347,12.130
25.800,82.350,61.372,12.230
25.880,81.770,61.400,12.070
25.780,82.300,61.423,12.180
25.840,82.350,61.451,12.230
25.810,81.960,61.476,12.020
26.020,82.350,61.501,12.230
26.110,82.200,61.528,12.230
26.180,82.640,61.554,12.290
26.190,81.960,61.580,12.180
26.230,82.110,61.607,12.180
26.220,82.200,61.633,12.180
26.280,82.010,61.659,12.180
26.200,82.400,61.685,12.230
26.160,82.110,61.709,12.230
26.370,81.820,61.733,12.130
26.450,82.300,61.759,12.180
26.560,81.920,61.788,12.070
26.500,82.350,61.813,12.230
26.720,82.300,61.839,12.130
26.500,82.110,61.866,12.180
26.630,82.590,61.890,12.230
26.570,82.400,61.920,12.180
26.530,82.060,61.946,12.180
26.530,82.540,61.972,12.230
26.320,82.300,61.996,12.180
26.560,82.350,62.024,12.180
26.630,81.960,62.051,12.130
26.580,82.440,62.078,12.230
26.660,82.250,62.102,12.180
26.770,82.110,62.129,12.130
26.730,82.200,62.155,12.180
25.960,82.110,62.202,12.230
25.710,82.540,62.240,12.130
25.740,81.960,62.268,12.180
25.720,82.440,62.294,12.230
25.800,82.200,62.320,12.020
25.890,82.640,62.347,12.230
25.940,82.250,62.370,12.230
26.020,82.160,62.396,12.230
26.270,82.250,62.423,12.180
26.280,82.400,62.448,12.180
26.410,82.400,62.475,12.180
26.450,82.250,62.501,12.180
26.480,82.200,62.527,12.180
26.440,82.200,62.552,12.130
26.610,82.350,62.578,12.180
26.700,81.920,62.606,12.130
26.580,82.400,62.629,12.230
26.710,82.110,62.656,12.180
26.730,82.400,62.681,12.180
26.740,82.250,62.707,12.130
26.730,82.250,62.734,12.180
26.570,82.200,62.761,12.180
26.650,81.770,62.785,12.020
26.700,82.200,62.810,12.180
26.060,81.870,62.877,12.020
26.210,82.200,62.929,12.180
26.550,82.110,62.983,12.070
26.710,82.200,63.031,12.230
26.480,82.110,63.089,12.070
26.510,82.350,63.112,12.180
26.660,82.250,63.138,12.070
26.840,82.200,63.165,12.180
26.980,82.300,63.192,12.230
26.950,81.960,63.218,12.180
27.030,82.400,63.242,12.180
27.230,82.250,63.265,12.180
27.120,82.400,63.299,12.180
27.060,82.160,63.368,12.130
27.170,82.590,63.430,12.230
27.190,82.200,63.481,12.130
27.170,82.110,63.540,12.070
26.700,82.250,63.610,12.180
26.780,82.640,63.657,12.180
26.410,82.350,63.683,12.230
26.290,82.060,63.707,12.180
26.420,82.350,63.728,12.130
26.750,81.920,63.758,12.130
26.770,82.350,63.783,12.230
26.920,82.160,63.811,12.180
26.830,81.820,63.837,12.020
26.860,82.300,63.860,12.180
27.000,82.160,63.887,12.130
27.000,82.110,63.913,12.130
27.040,82.200,63.938,12.130
27.110,82.440,63.981,12.130
27.170,82.250,64.031,12.130
26.900,82.540,64.061,12.180
27.110,82.250,64.084,12.130
27.230,82.060,64.111,12.070
27.390,82.490,64.138,12.180
27.390,82.400,64.163,12.180
27.490,82.440,64.190,12.180
27.270,82.300,64.241,12.130
27.230,82.250,64.306,12.070
27.260,82.250,64.343,12.070
27.400,82.350,64.368,12.130
26.860,82.350,64.429,12.070
27.240,82.160,64.479,12.020
27.310,82.200,64.529,12.020
26.930,81.770,64.579,11.910
26.950,82.300,64.641,12.130
27.030,82.110,64.659,12.130
27.120,82.200,64.687,12.130
27.350,82.060,64.714,12.130
27.400,82.490,64.757,12.230
27.180,82.350,64.778,12.130
27.410,82.010,64.805,11.970
27.400,82.440,64.831,12.180
27.520,82.350,64.857,12.130
27.630,82.640,64.883,12.180
27.730,82.250,64.911,12.130
27.790,82.200,64.937,12.130
27.870,82.250,64.963,12.070
27.910,82.400,64.989,12.130
28.010,82.010,65.015,12.180
28.170,82.440,65.042,12.180
28.230,81.920,65.068,12.130
28.310,82.300,65.093,12.180
28.320,82.680,65.122,12.180
28.070,82.200,65.145,12.180
28.120,81.770,65.171,11.970
28.190,82.350,65.197,12.230
28.210,82.160,65.222,12.070
28.340,82.350,65.248,12.130
28.270,82.250,65.273,12.180
28.170,81.820,65.298,12.070
28.310,82.160,65.343,12.130
28.220,82.350,65.369,12.130
28.370,82.010,65.393,12.130
28.310,82.400,65.417,12.130
28.440,82.200,65.446,12.070
28.530,82.400,65.472,12.130
28.480,82.010,65.499,12.130
28.660,82.400,65.523,12.180
28.720,82.160,65.551,11.970
28.350,82.160,65.585,12.020
28.070,82.350,65.637,12.070
25.340,82.110,65.751,12.020
25.580,82.300,65.809,12.230
25.460,81.960,65.853,12.130
25.450,82.400,65.879,12.180
25.610,82.110,65.902,12.070
25.810,82.250,65.942,12.020
25.760,82.350,65.968,12.180
26.140,82.010,65.996,12.070
26.140,82.350,66.023,12.130
26.560,82.200,66.048,12.130
26.640,81.870,66.076,12.020
26.650,82.300,66.100,12.180
26.860,82.440,66.128,12.130
26.380,82.400,66.175,12.130
26.360,81.920,66.204,12.130
26.610,82.350,66.256,12.130
26.670,82.110,66.298,12.070
26.660,82.250,66.319,12.130
26.620,82.060,66.346,12.130
26.160,82.440,66.396,12.130
26.300,81.920,66.420,12.130
26.620,82.400,66.446,12.180
26.840,82.200,66.473,12.070
27.070,82.110,66.498,12.020
27.090,82.110,66.525,12.180
27.400,82.490,66.550,12.180
27.540,82.300,66.575,12.130
27.710,82.160,66.601,12.020
27.670,82.200,66.627,12.130
27.870,81.920,66.650,12.070
28.050,82.200,66.677,12.130
28.260,82.590,66.701,12.180
28.370,82.350,66.728,12.130
28.340,82.060,66.753,12.070
28.570,82.440,66.782,12.130
28.600,81.820,66.806,11.970
28.490,82.200,66.833,12.130
28.440,82.200,66.860,12.020
28.450,82.400,66.886,12.130
28.490,82.200,66.910,12.130
28.540,82.250,66.938,12.020
28.570,82.350,66.963,12.180
28.620,81.820,66.989,12.070
28.600,82.300,67.012,12.130
28.610,82.060,67.036,12.130
28.470,82.490,67.064,12.130
28.360,81.920,67.091,11.970
28.340,82.160,67.118,12.180
28.510,82.250,67.141,12.070
28.580,82.250,67.169,12.070
28.460,82.060,67.196,12.070
28.420,82.400,67.221,12.070
28.440,82.060,67.247,12.070
28.540,82.400,67.272,12.130
28.510,82.160,67.300,12.130
28.550,82.350,67.323,12.070
28.710,82.160,67.353,12.130
28.840,82.060,67.377,12.130
28.900,82.400,67.403,12.180
28.590,82.730,67.432,12.180
28.720,82.440,67.470,12.020
28.670,82.160,67.493,12.070
28.650,82.300,67.519,12.020
28.880,82.110,67.544,12.070
28.670,82.350,67.593,12.130
28.630,82.010,67.645,12.070
28.400,82.400,67.674,12.130
28.610,82.010,67.699,11.970
28.660,82.110,67.727,12.130
28.800,82.160,67.752,12.020
28.910,82.350,67.777,12.130
28.850,82.200,67.806,12.020
28.810,82.350,67.832,12.070
28.880,81.820,67.857,12.070
29.030,82.250,67.883,12.130
28.950,81.920,67.914,12.070
29.010,82.300,67.935,12.070
28.800,82.110,67.967,12.020
28.940,82.350,68.025,12.070
28.970,82.160,68.088,12.130
29.010,82.160,68.144,12.020
29.020,82.110,68.202,12.130
29.220,82.490,68.257,12.020
28.880,82.300,68.329,12.070
28.900,81.920,68.389,12.070
29.010,82.250,68.443,12.130
28.960,82.640,68.480,12.130
29.010,82.010,68.505,12.070
29.080,82.400,68.530,12.070
29.080,82.300,68.557,12.180
29.070,82.400,68.583,12.070
29.150,82.110,68.608,11.970
28.990,82.060,68.633,12.070
29.170,82.440,68.659,12.070
28.840,82.300,68.695,12.020
28.970,82.300,68.750,11.970
28.570,82.010,68.775,12.070
28.510,82.400,68.799,12.020
28.730,82.060,68.828,12.020
28.710,82.400,68.853,12.070
28.810,82.160,68.881,12.070
28.850,82.110,68.906,11.970
28.710,82.110,68.935,12.020
28.680,82.400,68.961,12.130
28.710,81.920,68.987,12.020
28.420,82.350,69.009,12.070
28.620,81.960,69.037,11.970
28.630,82.160,69.061,12.070
28.850,82.060,69.088,11.970
28.730,82.110,69.114,12.070
28.750,82.010,69.139,11.910
28.760,82.160,69.165,12.130
28.920,82.160,69.193,12.020
29.050,82.250,69.220,12.070
28.980,81.870,69.247,12.020
28.990,82.300,69.271,12.070
29.030,82.200,69.298,12.020
28.950,82.160,69.326,12.020
28.490,82.490,69.375,12.070
28.630,81.960,69.396,11.970
28.670,82.300,69.423,12.020
28.800,82.490,69.448,11.970
29.060,81.960,69.475,11.910
29.040,82.060,69.501,12.070
29.020,82.400,69.526,11.970
28.960,82.730,69.552,12.020
28.910,83.020,69.578,12.070
28.990,83.310,69.605,12.020
29.270,83.550,69.629,12.130
29.070,81.920,69.659,11.970
28.820,82.400,69.683,12.070
28.990,82.110,69.710,12.070
29.020,82.400,69.735,12.070
29.080,82.200,69.760,12.020
29.070,82.060,69.787,12.020
28.920,82.400,69.813,12.070
29.090,82.110,69.840,12.020
28.780,82.440,69.865,12.070
28.820,81.920,69.894,11.970
28.710,82.250,69.917,12.020
28.840,82.160,69.946,11.910
28.830,82.400,69.968,11.970
28.860,82.010,69.995,12.070
28.820,82.350,70.021,12.070
28.890,81.870,70.048,11.910
28.920,82.250,70.090,12.020
28.820,82.590,70.133,11.970
28.410,82.010,70.159,11.910
28.330,82.400,70.201,12.070
28.300,82.160,70.225,11.910
28.280,82.300,70.250,11.970
28.410,81.820,70.276,11.860
28.350,82.200,70.302,12.020
28.460,82.010,70.330,11.970
28.500,82.350,70.356,11.970
28.510,81.920,70.383,11.860
28.310,82.110,70.445,11.970
28.120,82.010,70.466,11.970
28.260,82.060,70.494,12.020
28.270,82.400,70.517,12.070
28.240,81.770,70.547,11.970
28.120,82.160,70.571,11.970
28.250,82.110,70.597,11.860
28.240,82.060,70.625,12.020
28.120,82.400,70.651,11.970
28.040,82.060,70.677,11.970
28.100,82.350,70.700,12.020
28.130,81.820,70.729,11.910
28.120,82.160,70.755,11.970
28.270,82.400,70.781,12.020
28.380,82.110,70.807,11.970
28.380,82.300,70.832,12.070
28.340,81.920,70.857,12.020
28.340,82.250,70.884,11.970
28.420,82.010,70.910,11.910
28.350,82.010,70.935,12.020
28.420,82.350,70.963,12.020
28.570,82.440,70.988,11.970
28.520,82.250,71.015,12.020
28.590,82.490,71.041,11.970
28.630,82.010,71.070,11.860
28.660,82.110,71.094,11.970
28.720,82.250,71.121,12.020
28.840,82.010,71.146,11.910
28.710,82.060,71.171,12.070
28.530,82.400,71.198,11.970
28.680,82.110,71.224,12.020
28.490,82.440,71.254,12.020
28.420,82.110,71.276,12.020
28.530,82.400,71.303,12.020
28.420,82.490,71.328,11.970
28.380,82.200,71.355,12.020
28.450,81.960,71.380,11.970
28.240,82.200,71.405,12.070
28.300,82.010,71.433,11.970
28.400,82.350,71.458,11.970
28.440,81.960,71.485,11.970
28.510,82.300,71.510,12.020
28.560,81.960,71.534,12.020
28.550,82.300,71.561,11.970
28.810,82.110,71.589,11.910
28.540,82.400,71.613,12.020
28.700,82.200,71.640,12.020
28.830,81.770,71.665,11.860
28.810,82.300,71.693,11.970
28.950,82.300,71.717,12.020
28.930,81.920,71.745,12.020
28.860,82.350,71.770,11.970
28.870,81.870,71.796,11.910
28.400,82.300,71.829,12.070
28.340,82.440,71.867,12.020
28.570,81.870,71.890,11.860
28.660,82.250,71.916,12.020
28.880,81.870,71.945,11.910
28.940,82.440,71.969,12.020
29.030,82.300,71.996,11.970
28.960,82.440,72.024,12.020
28.890,82.350,72.047,11.910
29.010,82.400,72.076,12.020
29.010,81.920,72.100,11.970
29.150,82.440,72.127,12.020
29.130,82.250,72.154,12.020
29.240,82.250,72.180,12.020
29.190,82.200,72.206,11.810
29.200,82.110,72.234,11.970
28.800,82.060,72.259,11.970
28.960,82.540,72.283,11.970
28.850,82.060,72.310,11.970
29.030,82.640,72.337,12.020
29.050,82.110,72.363,11.910
29.090,82.060,72.389,11.970
29.090,81.870,72.418,11.860
29.000,82.300,72.441,12.070
28.800,82.540,72.470,11.910
28.840,82.060,72.494,11.970
28.800,82.350,72.522,11.970
28.840,82.350,72.545,11.970
29.050,82.200,72.573,11.970
28.860,82.110,72.601,11.970
29.180,82.640,72.641,12.020
28.840,82.440,72.714,11.860
28.560,82.300,72.783,11.970
28.400,82.300,72.847,11.970
28.510,82.300,72.906,11.860
28.520,82.060,72.960,11.970
28.320,82.010,72.998,11.910
28.250,82.400,73.022,12.020
28.400,82.350,73.049,12.020
28.570,81.960,73.075,11.810
28.400,82.300,73.101,12.020
28.570,81.960,73.127,11.910
28.780,82.490,73.154,12.020
28.900,82.160,73.179,11.910
28.870,82.540,73.206,11.970
29.010,82.680,73.231,11.970
29.130,82.400,73.259,11.970
29.190,82.200,73.285,11.970
29.040,82.200,73.344,11.970
29.240,81.870,73.397,11.860
29.190,82.350,73.447,11.910
28.970,81.820,73.468,11.860
29.020,82.300,73.497,11.970
29.180,81.820,73.519,11.910
29.100,82.250,73.546,11.970
29.260,82.350,73.571,11.970
29.420,81.920,73.598,11.910
29.300,82.400,73.623,11.910
29.350,82.400,73.648,11.970
29.330,82.110,73.676,11.810
29.000,82.350,73.738,11.910
28.890,81.920,73.766,11.860
29.030,82.300,73.791,11.970
29.190,82.300,73.816,11.910
29.190,82.160,73.845,11.910
29.210,82.060,73.869,11.910
29.460,82.060,73.896,11.970
29.540,82.640,73.924,12.020
29.260,82.010,73.949,11.750
29.110,82.250,73.975,12.020
29.280,81.870,73.998,11.910
29.420,82.400,74.022,11.970
29.570,82.440,74.050,11.970
29.630,82.160,74.076,11.910
29.330,82.110,74.101,11.970
29.440,82.440,74.126,11.910
29.600,82.060,74.153,11.970
29.640,82.400,74.179,11.910
29.720,82.110,74.203,11.910
29.820,82.540,74.230,11.970
29.950,82.350,74.257,11.970
29.850,82.590,74.281,11.910
29.900,82.400,74.307,11.970
29.930,82.300,74.331,11.910
30.080,82.400,74.367,11.860
29.700,82.010,74.397,11.910
29.800,82.490,74.422,11.970
30.060,81.920,74.448,11.750
29.810,82.300,74.475,11.970
29.950,82.300,74.501,11.910
30.110,82.440,74.529,11.910
29.950,82.350,74.552,11.910
29.980,82.060,74.580,11.970
30.060,82.250,74.603,11.910
30.180,82.490,74.629,11.970
30.010,82.540,74.655,11.970
30.070,82.200,74.681,11.970
29.760,82.010,74.727,11.860
29.770,82.060,74.763,11.810
29.800,82.200,74.789,11.970
29.980,82.640,74.811,11.910
30.010,82.590,74.838,11.970
30.130,82.350,74.866,11.910
30.130,82.540,74.888,11.910
30.260,82.300,74.918,11.910
30.150,82.400,74.942,11.970
30.140,81.820,74.985,11.540
29.750,82.010,75.010,11.970
29.800,82.540,75.034,11.970
29.740,82.110,75.060,11.970
29.660,82.490,75.116,11.910
29.420,81.920,75.169,11.860
29.080,82.400,75.244,11.970
29.010,82.490,75.311,11.910
28.860,82.400,75.334,11.970
29.140,82.400,75.360,11.970
29.290,82.830,75.384,11.910
29.280,83.310,75.412,11.970
29.430,82.440,75.436,11.860
29.520,82.060,75.466,11.970
29.590,82.540,75.492,11.910
29.580,83.020,75.518,11.910
29.490,83.400,75.542,11.970
29.720,82.250,75.567,11.650
29.660,82.350,75.594,11.910
29.680,82.350,75.619,11.910
29.740,82.060,75.646,11.700
29.740,82.300,75.673,11.910
29.740,82.680,75.697,11.860
29.930,82.490,75.718,11.970
29.910,81.820,75.750,11.860
29.730,82.350,75.775,11.910
29.850,82.010,75.800,11.810
29.860,82.300,75.827,11.910
29.820,82.400,75.851,11.860
30.030,81.770,75.877,11.810
30.070,82.350,75.906,11.910
29.960,82.780,75.930,11.970
30.100,82.060,75.956,11.910
30.050,82.400,75.980,11.910
30.020,82.200,76.007,11.910
30.030,82.160,76.034,11.810
30.000,81.680,76.057,11.750
30.100,82.350,76.086,11.970
30.050,82.920,76.109,11.860
30.250,83.350,76.137,11.860
30.400,82.680,76.162,11.810
30.320,82.300,76.190,11.860
30.270,81.960,76.215,11.860
30.270,82.250,76.241,11.910
30.200,82.250,76.268,11.860
30.160,82.640,76.293,11.910
30.160,82.010,76.320,11.860
30.010,82.490,76.344,11.910
30.100,81.960,76.372,11.810
29.910,82.300,76.397,11.860
29.250,82.440,76.459,11.860
29.350,82.400,76.514,11.910
29.180,82.250,76.545,11.810
29.370,82.490,76.572,11.910
29.180,82.300,76.598,11.810
29.180,81.820,76.624,11.810
29.070,82.300,76.648,11.860
29.130,82.350,76.674,11.910
29.180,82.350,76.701,11.860
29.290,81.960,76.727,11.860
29.440,82.440,76.753,11.860
29.570,82.160,76.778,11.750
29.620,82.440,76.804,11.910
29.860,82.160,76.831,11.910
29.880,82.110,76.855,11.860
29.510,82.350,76.885,11.910
29.680,82.110,76.908,11.910
29.780,82.200,76.936,11.750
29.910,82.350,76.959,11.910
29.980,82.110,76.986,11.910
29.910,82.400,77.011,11.810
29.960,81.820,77.038,11.750
29.900,82.160,77.062,11.860
29.720,82.060,77.091,11.810
30.080,82.400,77.115,11.860
29.750,82.060,77.151,11.910
29.660,82.350,77.186,11.860
29.910,82.010,77.212,11.910
30.050,82.400,77.236,11.910
30.170,82.440,77.266,11.860
28.910,81.730,77.320,11.700
29.070,82.300,77.379,11.860
29.410,82.250,77.425,11.860
29.410,82.160,77.472,11.860
29.370,81.960,77.506,11.750
29.570,82.400,77.530,11.910
29.680,82.350,77.555,11.860
29.850,82.490,77.581,11.860
29.830,81.960,77.608,11.860
29.810,82.400,77.633,11.810
29.860,82.160,77.660,11.810
29.800,82.250,77.685,11.860
30.030,82.350,77.712,11.860
29.770,82.400,77.760,11.860
29.920,82.010,77.820,11.810
30.020,82.440,77.868,11.910
29.840,82.300,77.939,11.810
29.590,82.350,77.997,11.810
29.720,82.440,78.053,11.810
27.410,81.960,78.204,11.750
27.400,82.400,78.250,11.810
27.600,82.400,78.274,11.860
27.850,82.440,78.299,11.860
28.020,82.110,78.323,11.810
27.950,82.490,78.351,11.860
28.040,82.400,78.374,11.810
28.200,82.010,78.404,11.810
28.180,82.440,78.429,11.860
28.270,82.060,78.455,11.700
28.280,82.490,78.480,11.810
27.810,81.920,78.540,11.700
27.960,82.300,78.594,11.860
27.900,82.400,78.617,11.910
27.860,81.870,78.643,11.700
28.090,82.200,78.697,11.810
28.070,82.540,78.725,11.750
28.290,82.440,78.753,11.810
28.390,82.400,78.779,11.810
28.400,82.250,78.804,11.810
28.190,82.680,78.830,11.860
28.340,82.250,78.856,11.750
28.400,82.680,78.881,11.910
28.490,82.350,78.907,11.860
28.510,82.010,78.935,11.860
28.490,82.540,78.959,11.860
28.490,82.880,78.985,11.860
28.790,83.210,79.013,11.860
29.000,83.550,79.039,11.810
28.880,82.010,79.067,11.750
28.800,82.400,79.092,11.860
28.740,82.060,79.119,11.810
29.030,82.490,79.144,11.860
29.080,81.960,79.171,11.700
29.050,82.200,79.217,11.750
28.960,82.300,79.253,11.810
29.100,82.490,79.278,11.910
29.140,81.960,79.303,11.700
29.130,82.400,79.359,11.810
28.710,82.780,79.403,11.810
28.480,83.110,79.426,11.810
28.880,83.450,79.455,11.810
28.870,82.400,79.481,11.750
29.010,82.300,79.521,11.810
29.120,82.730,79.552,11.860
29.130,82.400,79.595,11.810
29.160,82.350,79.635,11.750
28.890,82.200,79.656,11.590
28.850,82.640,79.685,11.810
28.790,82.970,79.710,11.860
29.060,83.310,79.735,11.860
29.180,83.640,79.762,11.860
29.180,82.680,79.788,11.810
29.250,82.110,79.817,11.810
29.310,82.540,79.839,11.810
29.180,82.440,79.864,11.860
29.210,82.350,79.906,11.810
29.240,82.730,79.957,11.860
29.100,82.200,80.018,11.700
29.130,82.110,80.077,11.810
28.980,82.440,80.119,11.810
28.450,82.060,80.197,11.750
28.730,82.440,80.254,11.810
28.960,82.010,80.307,11.650
28.870,82.300,80.367,11.860
28.870,81.870,80.412,11.810
29.080,82.250,80.470,11.810
29.130,82.590,80.523,11.910
28.420,82.350,80.605,11.810
28.580,81.820,80.663,11.810
28.340,82.200,80.704,12.020
28.530,82.490,80.744,11.810
28.420,82.060,80.769,11.860
28.210,82.440,80.802,11.860
28.290,82.440,80.836,11.810
28.490,81.870,80.860,11.810
28.590,82.300,80.886,11.810
28.840,82.490,80.912,11.860
28.980,82.300,80.938,11.910
28.960,82.640,80.963,11.910
29.160,82.540,80.990,11.910
29.080,82.440,81.017,11.910
29.070,82.200,81.041,11.860
29.130,82.640,81.068,11.910
29.170,82.060,81.095,11.860
29.120,82.440,81.122,11.860
29.150,82.160,81.148,11.860
29.210,82.490,81.171,11.860
29.390,82.680,81.199,11.910
29.410,82.440,81.225,11.860
29.470,82.780,81.247,11.910
29.680,83.020,81.277,11.910
29.640,83.400,81.301,11.910
29.720,82.540,81.328,11.540
29.630,82.440,81.352,11.910
29.650,82.060,81.378,11.750
29.700,82.250,81.405,11.910
29.820,81.820,81.433,11.810
29.760,82.250,81.457,11.970
29.750,82.590,81.491,11.860
29.910,82.160,81.533,11.910
29.830,82.440,81.555,11.860
29.930,81.960,81.582,11.860
29.960,82.350,81.609,11.910
29.910,81.870,81.634,11.810
29.860,82.200,81.661,11.910
29.900,82.490,81.684,11.910
29.910,82.110,81.710,11.910
30.100,82.440,81.736,11.910
29.930,82.440,81.764,11.910
29.800,82.010,81.790,11.970
29.470,82.490,81.859,11.910
29.270,82.440,81.913,11.910
29.380,82.640,81.969,11.910
29.070,82.200,81.990,11.970
29.250,81.920,82.016,11.750
29.270,82.110,82.043,11.970
29.410,82.490,82.069,11.970
29.560,82.830,82.097,11.910
29.730,83.110,82.120,11.970